,artist_name,track_name,track_id,popularity,acousticness,danceability,duration_ms,energy,instrumentalness,key,liveness,loudness,mode,speechiness,tempo,time_signature,valence
0,Eminem,The Ringer,2jt2WxXMCD4zjACthkJQVE,80,0.0311,0.939,337941,0.551,0.0,1,0.192,-9.126,1,0.291,118.552,4,0.42
1,The Notorious B.I.G.,Hypnotize - 2014 Remaster,7KwZNVEaqikRSBSpyhXK2j,78,0.145,0.901,229827,0.697,0.0,9,0.287,-3.439,1,0.28,93.941,4,0.67
2,Drake,In My Feelings,2G7V7zsVDxg1yRsu7Ew9RJ,88,0.0589,0.835,217925,0.626,6e-05,1,0.396,-5.833,1,0.125,91.03,4,0.35
3,BlocBoy JB,Look Alive (feat. Drake),4qKcDkK6siZ7Jp1Jb4m0aL,86,0.00104,0.922,181263,0.581,5.86e-05,10,0.105,-7.495,1,0.27,140.022,4,0.595
4,XXXTENTACION,Carry On,2yZax79pOrYuyIFVW2cZY2,80,0.768,0.735,129720,0.197,0.000276,3,0.296,-13.378,0,0.537,147.899,4,0.383
5,Trippie Redd,Taking A Walk,4mHgYpuGHu99Mw69E83CP2,79,0.68,0.767,121680,0.538,0.0,0,0.192,-6.044,0,0.052,81.031,4,0.343
6,Post Malone,Wow.,6MWtB6iiXyIwun0YzU6DFP,98,0.163,0.833,149520,0.539,2.1e-06,11,0.101,-7.399,0,0.178,99.947,4,0.385
7,NF,If You Want Love,3i5qVV8azKqGFK4Gzdt5YS,76,0.624,0.681,199387,0.397,0.0,0,0.113,-10.271,1,0.12,70.129,4,0.251
8,Kodak Black,ZEZE (feat. Travis Scott & Offset),0FZ4Dmg8jJJAPJnvBIzD9z,91,0.0521,0.861,228760,0.603,0.0,8,0.0924,-5.788,0,0.176,98.043,4,0.504
9,Jay Rock,"King's Dead (with Kendrick Lamar, Future & James Blake)",51rXHuKN8Loc4sUlKPODgH,78,0.000874,0.563,229670,0.717,0.0,1,0.183,-5.186,1,0.337,82.064,4,0.427
10,Ty Dolla $ign,"Or Nah (feat. The Weeknd, Wiz Khalifa & DJ Mustard) - Remix",2DCCdMLO94rexXgKgdFpLr,0,0.22,0.805,242983,0.33,0.0,1,0.105,-8.712,0,0.1,121.97,4,0.211
11,Takeoff,Casper,1B4gJRq61xTs6r1O0Uq2iY,78,0.525,0.921,197079,0.607,1.12e-06,1,0.123,-7.397,1,0.209,140.071,4,0.753
12,Soulja Boy,Crank That (Soulja Boy),66TRwr5uJwPt15mfFkzhbi,78,0.511,0.732,221933,0.724,0.0,0,0.0491,-2.104,1,0.101,140.13,4,0.808
13,Lil Uzi Vert,Dark Queen,2ZdCrBA52bb4pIG3tOOZiQ,76,0.222,0.747,173419,0.606,0.0,4,0.281,-5.286,1,0.172,155.055,4,0.2
14,Russ,The Flute Song,798nzni0JSUWMVJJBCYYF1,66,0.212,0.789,147600,0.524,0.0,1,0.221,-7.942,0,0.273,138.064,4,0.343
15,Bryson Tiller,Exchange,43PuMrRfbyyuz4QpZ3oAwN,81,0.108,0.53,194613,0.433,0.0,6,0.135,-10.598,1,0.185,160.14,4,0.274
16,Wiz Khalifa,See You Again (feat. Charlie Puth),2JzZzZUQj3Qff7wapcbKjc,81,0.369,0.689,229526,0.481,1.03e-06,10,0.0649,-7.503,1,0.0815,80.025,4,0.283
17,Juice WRLD,Fast,6MjNilJCVKJq0LfFvo5jWJ,88,0.426,0.623,208518,0.608,0.0,1,0.105,-5.937,0,0.0434,84.98,4,0.263
18,Juice WRLD,HeMotions,6phY2gnvf9WwCiXlLMQOY3,79,0.667,0.561,187211,0.76,0.0,2,0.106,-7.194,1,0.264,163.938,4,0.317
19,YNW Melly,Virtual (Blue Balenciagas),4dqkKnzOJ3fWduqKcHi374,72,0.312,0.767,193618,0.715,0.0,8,0.0973,-4.934,0,0.0523,149.957,4,0.577
20,Sean Paul,Get Busy,5qTvkDrSfvwDv6RBjjcfQr,73,0.615,0.735,211666,0.824,0.0,10,0.158,-4.143,0,0.036,100.202,4,0.726
21,A Boogie Wit da Hoodie,Demons and Angels (feat. Juice WRLD),3L19besdNQzd342qL78xqm,81,0.0114,0.81,214593,0.55,5.69e-06,2,0.107,-7.46,0,0.17,76.503,4,0.183
22,KIDS SEE GHOSTS,Reborn,4RVbK6cV0VqWdpCDcx3hiT,77,0.339,0.585,324674,0.597,0.0404,0,0.195,-7.499,1,0.037,100.051,4,0.227
23,Post Malone,Over Now,09IOPhEh1OMe0HD9b36FJk,79,0.131,0.559,246987,0.761,1.6e-06,4,0.143,-4.041,0,0.0877,163.898,4,0.24
24,Diddy,I'll Be Missing You (feat. 112),3QHONiXGMGU3z68mQInncF,73,0.0522,0.862,301520,0.479,0.00126,7,0.589,-9.199,1,0.0646,109.878,4,0.925
25,Juice WRLD,Rich And Blind,6QNFQJKlZUKr0xlGZ74CZJ,77,0.0102,0.638,228720,0.624,0.0,10,0.0944,-5.37,1,0.0798,159.937,4,0.445
26,6ix9ine,BILLY,5KhFaq45chTw8RGfWo8T8J,78,0.175,0.764,112667,0.711,0.0,4,0.105,-3.818,0,0.288,90.076,4,0.774
27,6ix9ine,GUMMO,4HbiCvH1R7mVOJ7KY7JQBD,75,0.0553,0.66,157643,0.775,0.0,2,0.129,-4.926,1,0.172,157.036,4,0.635
28,Maître Gims,Est-ce que tu m'aimes ? - Pilule Bleue,3a9TMd2Yrza6HXqqlfMtfy,69,0.235,0.779,237093,0.852,0.0,2,0.212,-3.353,1,0.0651,119.892,4,0.601
29,Mac Miller,Self Care,5bJ1DrEM4hNCafcDd1oxHx,80,0.367,0.52,345133,0.538,0.00187,1,0.119,-8.109,1,0.206,141.894,4,0.177
30,Eminem,Venom - Music From The Motion Picture,2SL6oP2YAEQbqsrkOzRGO4,81,0.0193,0.749,269554,0.794,0.0,0,0.543,-5.063,1,0.064,135.959,4,0.46
31,YG,My Nigga,02pf9lLM8Nb8l4u4ts1GWb,70,0.0933,0.673,235600,0.464,0.0,10,0.21,-6.864,0,0.201,171.043,4,0.762
32,Sean Paul,It's Over Mi Lover,3nzZUFyb9DvN0QS5DPiS8n,9,0.119,0.793,215000,0.74,0.0,7,0.141,-5.216,1,0.36,95.138,4,0.594
33,21 Savage,Bank Account,2fQrGHiQOvpL9UgPvtYy6G,83,0.0151,0.884,220307,0.346,7.04e-06,8,0.0871,-8.228,0,0.351,75.016,4,0.376
34,Sik World,7 Years (Remix),1kFlDnWmBTvCBxxeGDpIdp,72,0.227,0.811,134197,0.609,0.0,10,0.102,-8.376,1,0.0996,120.071,4,0.439
35,6ix9ine,WAKA (feat. A Boogie Wit da Hoodie),6o79O9qBP3OAkWOXajAQIS,78,0.0834,0.772,128769,0.812,0.0,0,0.115,-3.995,0,0.153,97.407,4,0.655
36,G-Eazy,Good Life (with G-Eazy & Kehlani),0Oa9mHOnH14GZ4toWwkf4c,68,0.00638,0.572,225520,0.778,0.0,1,0.0563,-5.208,1,0.233,168.073,4,0.54
37,The Game,Hate It Or Love It,2wGSgTmgSF3xjRrHkTc25R,73,0.122,0.807,206400,0.785,0.0,9,0.123,-4.947,1,0.204,99.975,4,0.424
38,Lil Mosey,Burberry Headband,3k8M6cCVi3q0gthqFy7TLc,75,0.598,0.714,146225,0.647,0.0,8,0.0943,-6.865,1,0.037,150.992,4,0.67
39,Lil Mosey,Yoppa (with BlocBoy JB),0JRn9gyDQeW9VjW4S126tT,73,0.122,0.814,163404,0.497,0.0,9,0.11,-7.405,0,0.0784,140.888,4,0.344
40,A Boogie Wit da Hoodie,Startender (feat. Offset and Tyga),6uSSupG4TMu3vW8QgynAB6,84,0.0235,0.736,192779,0.622,0.0,6,0.151,-4.653,0,0.133,191.971,4,0.506
41,Kendrick Lamar,"Bitch, Don’t Kill My Vibe",5h5tBFnbcVioFXiOixTn6E,68,0.0152,0.587,310720,0.698,0.0,1,0.442,-8.948,1,0.0943,133.954,4,0.0985
42,Mac Miller,Ladders,39NDBdU5Xkm5pCFGa5kZtI,77,0.236,0.802,287040,0.463,0.00531,8,0.105,-8.379,1,0.162,103.961,4,0.291
43,Dr. Dre,Still D.R.E.,3UOuBNEin5peSRqdzvlnWM,76,0.195,0.826,270652,0.788,0.000287,11,0.0651,-3.422,1,0.23,93.447,4,0.55
44,Dr. Dre,What's The Difference,7GkrhcYfflOImusWPIFrPN,70,0.246,0.786,244227,0.82,0.0,11,0.224,-0.436,0,0.239,91.934,4,0.661
45,Eminem,Not Afraid,7Ie9W94M7OjPoZVV216Xus,79,0.529,0.855,248133,0.954,0.0,0,0.205,-1.19,0,0.264,114.635,5,0.668
46,Travis Scott,NO BYSTANDERS,6OaVWaGfhXn70ZJfdVcabn,77,0.0204,0.731,218284,0.811,0.0,1,0.411,-3.225,1,0.0712,147.045,4,0.426
47,Eminem,The Real Slim Shady,3yfqSUWxFvZELEM4PmlwIR,80,0.0339,0.95,284200,0.665,0.0,5,0.0453,-4.286,0,0.061,104.504,4,0.76
48,A Boogie Wit da Hoodie,Look Back At It,3Ol2xnObFdKV9pmRD2t9x8,90,0.407,0.791,179449,0.587,0.0,3,0.148,-5.075,0,0.0413,96.057,4,0.536
49,Logic,44 More,3e7Y6sfFlIdBMJhX7wpqVO,78,0.0635,0.829,188600,0.589,0.0,1,0.113,-7.055,1,0.202,139.971,4,0.233
50,DMX,X Gon' Give It To Ya,1zzxoZVylsna2BQB65Ppcb,76,0.0135,0.761,217587,0.899,0.0,10,0.0719,-3.09,0,0.183,95.027,4,0.673
51,Polo G,Pop Out (feat. Lil TJay),5AjINjwKyRvQJhSe2zpPHi,83,0.121,0.861,166640,0.621,0.0,1,0.0689,-7.106,1,0.362,83.976,4,0.254
52,Jason Derulo,Goodbye (feat. Nicki Minaj & Willy William),5Xn4IyTtW6FUGIUyWjbUHG,81,0.0776,0.643,195419,0.904,0.0,0,0.189,-3.694,1,0.0739,103.028,4,0.481
53,Migos,Walk It Talk It,6n4U3TlzUGhdSFbUUhTvLP,83,0.0739,0.909,276147,0.628,0.0,2,0.108,-5.456,1,0.201,145.905,4,0.406
54,Metro Boomin,10 Freaky Girls (with 21 Savage),0AluA5RNsa4Cx6XRhf2hWZ,83,0.588,0.81,208293,0.353,0.0,6,0.102,-9.931,0,0.31,88.031,4,0.0727
55,50 Cent,21 Questions,70FCugJxa7XW04Np6iYJdI,68,0.349,0.646,224440,0.813,9.37e-05,6,0.0427,-3.846,0,0.299,92.729,4,0.895
56,Kanye West,All Mine,3U21A07gAloCc4P7J8rxcn,78,0.123,0.925,145507,0.31,0.0,11,0.0931,-6.531,0,0.291,121.927,4,0.291
57,Post Malone,Rich & Sad,2VdT56BGpdqNHUgOe1j5vc,80,0.186,0.601,206453,0.59,0.0,2,0.0942,-5.001,1,0.0569,151.952,4,0.274
58,Post Malone,Takin' Shots,5ffntNJnJOeFv7b7DCd0Bw,77,0.597,0.767,216747,0.625,0.0,5,0.409,-6.193,1,0.0836,120.092,4,0.577
59,Desiigner,Panda,5YEOzOojehCqxGQCcQiyR4,76,0.0231,0.576,246761,0.777,0.0,10,0.366,-5.035,0,0.458,145.2,4,0.259
60,Papa Roach,Last Resort,5W8YXBz9MTIDyrpYaCg2Ky,80,0.000481,0.589,199907,0.89,0.00082,4,0.201,-3.719,0,0.0603,90.598,4,0.692
61,Travis Scott,beibs in the trap,0ESJlaM8CE1jRWaNtwSNj8,74,0.24,0.743,213863,0.571,0.0,7,0.291,-6.054,0,0.145,119.054,4,0.495
62,Lil Pump,Be Like Me (feat. Lil Wayne),6flur5o18COKeafnjLHRiJ,80,0.00335,0.948,240000,0.396,0.0,5,0.192,-8.08,0,0.173,104.006,4,0.593
63,Kendrick Lamar,HUMBLE.,7KXjTSCq5nL1LoYtL7XAwS,86,0.000282,0.908,177000,0.621,5.39e-05,1,0.0958,-6.638,0,0.102,150.011,4,0.421
64,Future,Crushed Up,7wcyO1rrH3Ru4t659IjG41,82,0.0415,0.781,149949,0.597,0.0,10,0.152,-6.794,0,0.23,158.043,4,0.544
65,The Weeknd,The Hills,7fBv7CLKzipRk6EC6TWHOB,83,0.0671,0.58,242253,0.565,0.0,0,0.135,-7.065,0,0.0488,112.986,4,0.138
66,Post Malone,Otherside,4qWCFTuNnmGNdY4egtb4ZY,76,0.354,0.645,228227,0.657,5.17e-06,9,0.213,-5.688,0,0.0334,104.931,4,0.136
67,Linkin Park,Numb,2nLtzopw4rPReszdYBJU6h,82,0.0046,0.496,185587,0.863,0.0,9,0.639,-4.153,1,0.0381,110.018,4,0.243
68,mansionz,STFU,2p4p9YGwmJIdf5IA9sSWhm,72,0.16,0.824,230878,0.47,0.0,1,0.15,-7.459,0,0.176,134.922,4,0.437
69,Snoop Dogg,"Young, Wild & Free (feat. Bruno Mars)",5HQVUIKwCEXpe7JIHyY734,78,0.0525,0.715,207333,0.655,0.0,0,0.115,-6.425,1,0.137,95.078,4,0.531
70,21 Savage,all my friends,4paAidoE8VAemwU4jgCc6l,78,0.171,0.713,211785,0.62,1.16e-06,0,0.118,-4.513,1,0.0422,130.09,4,0.206
71,Childish Gambino,This Is America,0b9oOr2ZgvyQu88wzixux9,81,0.117,0.854,225773,0.463,0.0,5,0.354,-6.159,1,0.137,120.024,4,0.549
72,Lil Uzi Vert,XO TOUR Llif3,7GX5flRQZVHRAGd6B4TmDO,86,0.00264,0.732,182707,0.75,0.0,11,0.109,-6.366,0,0.231,155.096,4,0.401
73,Snoop Dogg,Candy (Drippin' Like Water) - Final Album Version (Explicit),6an7fUdINSWD4xYfARChay,0,0.205,0.696,288040,0.655,0.0,10,0.0898,-6.926,0,0.521,98.065,4,0.411
74,Juice WRLD,Flaws And Sins,2BSbCCbaSCzkOEZa6N5901,81,0.00966,0.709,218349,0.662,0.0,8,0.108,-4.55,1,0.0766,150.046,4,0.439
75,Will Smith,Gettin' Jiggy Wit It,0weAUscowxeqDtpCgtbpgp,72,0.0175,0.881,227933,0.874,1.19e-06,6,0.154,-4.505,1,0.139,107.891,4,0.858
76,Post Malone,Blame It On Me,1ZemPoaj7LBj1RAQrb89EC,76,0.135,0.651,261800,0.587,1.07e-05,11,0.149,-7.307,0,0.0421,121.838,4,0.317
77,Drake,God's Plan,6DCZcSspjsKoFjzjrWoCdn,89,0.0332,0.754,198973,0.449,8.29e-05,7,0.552,-9.211,1,0.109,77.169,4,0.357
78,Migos,Slippery (feat. Gucci Mane),6p8NuHm8uCGnn2Dtbtf7zE,78,0.307,0.92,304041,0.674,0.0,1,0.104,-5.662,0,0.264,141.967,4,0.741
79,The Game,How We Do,4PmMVdIFpJTB9WQbmILf4p,73,0.0496,0.578,235533,0.666,0.0,7,0.0335,-7.1,1,0.435,195.13,4,0.591
80,Akon,Smack That,3qKGvSu1inEZKwYQnMavNA,74,0.317,0.94,212360,0.743,0.0,5,0.0909,-5.166,0,0.0475,118.988,4,0.932
81,Tory Lanez,TAlk tO Me (with Rich The Kid feat. Lil Wayne) - Remix,51w9Jbat1pLeWINGCpnQUR,84,0.0226,0.698,248521,0.66,0.0,0,0.0622,-7.883,1,0.052,159.949,4,0.451
82,Blueface,Bleed It,67fNrBUMc7iWMofdCaoJV9,82,0.221,0.845,145520,0.76,0.0,1,0.107,-6.007,0,0.357,101.865,4,0.558
83,Juice WRLD,Empty,41MCdlvXOl62B7Kv86Bb1v,85,0.0758,0.745,248431,0.561,0.0,0,0.133,-4.869,1,0.0807,77.557,4,0.449
84,Chris Brown,Undecided,7uiBocndm12aKbsdnQ3Scx,84,0.172,0.441,187298,0.527,0.0,3,0.233,-5.318,1,0.0966,96.37,4,0.589
85,Lil Baby,Drip Too Hard (Lil Baby & Gunna),78QR3Wp35dqAhFEc2qAGjE,91,0.103,0.896,145543,0.671,0.0,1,0.552,-6.977,0,0.289,112.502,4,0.358
86,Sheck Wes,Mo Bamba,1xzBco0xcoJEDXktl7Jxrr,90,0.194,0.729,183907,0.625,0.00986,4,0.248,-5.266,1,0.0315,146.034,4,0.261
87,6ix9ine,"MAMA (feat. Nicki Minaj, Kanye West)",1oJ8EDr2pv94IvSd6ZmDgo,79,0.0893,0.761,192405,0.672,9.77e-06,1,0.14,-5.887,1,0.212,160.077,3,0.437
88,Blueface,"Thotiana (feat. Cardi B, YG) [Remix]",1JkrD47SDpAbyvqKtolcea,82,0.0364,0.911,297546,0.721,0.0,10,0.111,-4.833,0,0.28,104.11,4,0.69
89,Offset,Legacy (feat. Travis Scott & 21 Savage),7pMRoGLEJuFM2wl5pt0R99,85,0.178,0.844,244941,0.513,0.0,1,0.0845,-8.769,1,0.335,128.085,4,0.344
90,Kesha,TiK ToK,0HPD5WQqrq7wPWR7P7Dw1i,79,0.0991,0.755,199693,0.837,0.0,2,0.289,-2.718,0,0.142,120.028,4,0.714
91,Drake,Portland,2bjwRfXMk4uRgOD9IBYl9h,76,0.0143,0.924,236615,0.444,0.0,1,0.26,-8.227,1,0.243,136.088,4,0.314
92,Young Thug,Chanel (Go Get It) [feat. Gunna & Lil Baby],0kCBorRrKZkSztd9m0QI3r,79,0.00183,0.938,201707,0.5,0.0,4,0.077,-10.08,0,0.144,140.011,4,0.462
93,Post Malone,Too Young,4SYUUlkScpNR1QvPscXf8t,76,0.271,0.602,237147,0.635,3.2e-05,4,0.0829,-6.526,0,0.052,123.05,4,0.225
94,6ix9ine,KIKA (feat. Tory Lanez),6Gy7rXB6Ku5vIWC7WGWsl3,86,0.128,0.745,136032,0.715,0.0,1,0.182,-3.368,0,0.245,94.513,4,0.342
95,XXXTENTACION,Look At Me!,7floNISpH8VF4z4459Qo18,82,0.259,0.763,126346,0.726,0.0,1,0.0976,-6.405,1,0.282,139.059,4,0.349
96,Offset,How Did I Get Here (feat. J. Cole),32iPykTXUNZ9oGyACGUybq,79,0.507,0.883,276794,0.544,1.6e-06,2,0.08,-7.92,1,0.233,129.993,4,0.114
97,Post Malone,Sugar Wraith,0MrRAUcB8AZiB9ue2VOBYe,76,0.26,0.6,228147,0.767,0.0,5,0.0979,-4.232,0,0.0868,164.079,4,0.291
98,Lil Pump,Esskeetit,44KKhCyI0BGS6LvVyDqJtH,76,0.022,0.932,181714,0.506,0.0,11,0.0933,-7.755,1,0.161,139.974,4,0.696
99,Gucci Mane,Wake Up in the Sky,0QIjsbm2fh1cJ45XO9eGqq,88,0.00381,0.8,204665,0.578,0.0,4,0.359,-5.144,0,0.0485,143.01,4,0.367
100,Joyner Lucas,Stranger Things,34I0nBvoE0ZXmqbKiJ5BWS,75,0.443,0.867,219733,0.663,0.0,10,0.117,-5.838,0,0.178,121.978,4,0.481
101,Jeremih,Birthday Sex,16XNk3bVCSHXN1rlwbXtHb,67,0.239,0.675,226507,0.551,0.0,0,0.161,-5.523,0,0.0413,60.035,4,0.474
102,Post Malone,Go Flex,5yuShbu70mtHXY0yLzCQLQ,83,0.228,0.665,179613,0.498,0.0,5,0.0757,-8.185,1,0.0831,81.967,4,0.127
103,Dr. Dre,The Next Episode,2eknDuc5IeulN0hnwEZsjF,75,0.022,0.921,161507,0.882,0.0,10,0.0755,-2.464,0,0.258,95.288,4,0.326
104,Kanye West,Champions,2nBI3iWLhupR7LyAJ5GGkE,71,0.0661,0.695,334253,0.777,0.0,6,0.874,-2.452,0,0.0817,135.01,4,0.36
105,Frank Ocean,Nights,7eqoqGkKwgOaWNNHx90uEZ,78,0.42,0.466,307151,0.548,1.01e-06,5,0.113,-9.362,0,0.118,89.815,4,0.423
106,ScHoolboy Q,CHopstix (with Travis Scott),01DOm09B2AbiTARAbXVI6g,73,0.0391,0.958,181153,0.6,0.0,9,0.274,-6.996,0,0.118,127.933,4,0.607
107,6ix9ine,"FEFE (feat. Nicki Minaj, Murda Beatz)",4QIyEq7TcTdAcxjI2AFlAK,85,0.088,0.931,179405,0.387,0.0,1,0.136,-9.127,1,0.412,125.978,4,0.376
108,Machine Gun Kelly,"Home (with Machine Gun Kelly, X Ambassadors & Bebe Rexha)",0OI7AFifLSoGzpb8bdBLLV,75,0.00413,0.653,202805,0.718,0.0,3,0.0537,-5.232,0,0.213,82.034,4,0.216
109,Post Malone,Psycho (feat. Ty Dolla $ign),3swc6WTsr7rl9DqQKQA55C,89,0.58,0.739,221440,0.559,0.0,8,0.112,-8.011,1,0.117,140.124,4,0.439
110,Tyga,Girls Have Fun (feat. G-Eazy & Rich The Kid),1NHlyKgtR4roNylOhidKSv,82,0.00586,0.888,175711,0.74,0.0,8,0.218,-5.363,1,0.238,100.003,4,0.664
111,Kanye West,Heartless,4EWCNWgDS8707fNSZ1oaA5,77,0.0401,0.789,211000,0.65,0.0,10,0.249,-6.16,0,0.121,87.983,4,0.617
112,Future,Mask Off,0VgkVdmE4gld66l8iyGjgx,82,0.0102,0.833,204600,0.434,0.0219,2,0.165,-8.795,1,0.431,150.062,4,0.281
113,DJ Khaled,No Brainer,5WvAo7DNuPRmk4APhdPzi8,84,0.0733,0.552,260000,0.76,0.0,0,0.0865,-4.706,1,0.342,135.702,5,0.639
114,Sean Paul,No Lie,48QmG1dfvMuYLxMPt7KSRA,78,0.0466,0.742,221176,0.882,0.0,7,0.206,-2.862,1,0.117,102.04,4,0.463
115,Migos,Notice Me,3OnOomd79OjqSYHchCQ6ht,75,0.104,0.796,233880,0.338,1.12e-06,5,0.165,-9.754,0,0.315,166.0,4,0.474
116,Mike Posner,I Took A Pill In Ibiza - Seeb Remix,0vbtURX4qv1l7besfwmnD8,78,0.0353,0.663,197933,0.713,7.68e-06,7,0.0843,-6.647,0,0.112,101.965,4,0.69
117,Meek Mill,Going Bad (feat. Drake),2IRZnDFmlqMuOrYOLnZZyc,94,0.259,0.889,180522,0.496,0.0,4,0.252,-6.365,0,0.0905,86.003,4,0.544
118,21 Savage,monster,2FUNBaa5DwItJtYEBgAblU,82,0.158,0.89,233040,0.607,0.000228,9,0.118,-6.916,0,0.124,134.022,4,0.224
119,Nipsey Hussle,Racks In The Middle (feat. Roddy Ricch and Hit-Boy),6ya8ejoKgw906Y8LWclqrp,85,0.0825,0.671,233278,0.833,0.0,5,0.0726,-5.152,0,0.395,79.351,4,0.702
120,Kanye West,Wolves,432hUIl3ISDeytYW5XBQ5h,69,0.186,0.539,301587,0.399,0.00255,1,0.131,-8.016,1,0.045,78.248,4,0.118
121,Pitbull,Give Me Everything,4QNpBfC0zvjKqPJcyqBy9W,77,0.192,0.671,252307,0.939,0.0,8,0.298,-3.206,1,0.161,129.023,4,0.529
122,Drake,"Hold On, We're Going Home",6jdOi5U5LBzQrc4c1VT983,72,0.00357,0.773,227880,0.404,2.17e-05,6,0.0718,-7.438,0,0.0949,99.999,4,0.287
123,Travis Scott,SICKO MODE,2xLMifQCjDGFmkHkpNLD9h,93,0.00513,0.834,312820,0.73,0.0,8,0.124,-3.714,1,0.222,155.008,4,0.446
124,Lil Peep,Save That Shit,0S0vWvyZ6Rc79TXkWxT9QA,81,0.0262,0.534,231547,0.583,0.0,2,0.421,-8.672,1,0.0288,105.997,4,0.145
125,Kanye West,Ghost Town,7vgTNTaEz3CsBZ1N4YQalM,74,0.0969,0.573,271387,0.545,0.0,7,0.329,-4.247,0,0.0288,83.378,4,0.297
126,NF,Let You Down,52okn5MNA47tk87PeZJLEL,84,0.298,0.656,212120,0.721,0.0,5,0.173,-5.665,0,0.122,148.066,4,0.468
127,Offset,Red Room,2MJdgSby3DtSS7bUJx2cly,85,0.479,0.936,241440,0.559,0.0,7,0.129,-8.591,0,0.158,112.339,4,0.517
128,Drake,Fake Love,343YBumqHu19cGoGARUTsd,76,0.108,0.927,210937,0.488,0.0,9,0.196,-9.433,0,0.42,133.987,4,0.605
129,Nelly,Dilemma,0ARK753YaiJbpLUk7z5yIM,79,0.211,0.725,289173,0.534,2.91e-05,2,0.221,-8.364,0,0.167,168.119,4,0.621
130,Juice WRLD,All Girls Are The Same,4VXIryQMWpIdGgYR4TrjT1,86,0.0769,0.671,165820,0.529,0.000335,0,0.0856,-7.226,1,0.307,161.989,4,0.203
131,The Notorious B.I.G.,Juicy,5ByAIlEEnxYdvpnezg7HTX,79,0.472,0.889,302693,0.816,0.0,9,0.204,-4.67,1,0.247,96.056,4,0.777
132,Bryson Tiller,Don't,3pXF1nA74528Edde4of9CC,79,0.222,0.765,198293,0.356,0.0,11,0.0963,-5.556,0,0.196,97.001,4,0.19
133,MKTO,How Can I Forget,0ibG3XCJ32Qq9maUY4AViR,76,0.69,0.796,177141,0.53,0.0,8,0.0646,-5.967,1,0.0558,105.031,4,0.754
134,Usher,DJ Got Us Fallin' In Love (feat. Pitbull),4356Typ82hUiFAynbLYbPn,77,0.0338,0.663,220800,0.861,0.0,7,0.082,-3.398,0,0.109,119.963,4,0.654
135,The Black Eyed Peas,Where Is The Love?,1FreAz1lmnDi5aKLB6GdFM,77,0.1,0.833,272533,0.713,0.0,5,0.128,-3.259,1,0.178,94.091,4,0.806
136,XXXTENTACION,SAD!,3ee8Jmje8o58CHK66QrVC2,91,0.258,0.74,166606,0.613,0.00372,8,0.123,-4.88,1,0.145,75.023,4,0.473
137,Young Thug,pick up the phone,20dP2DaMHIAmwWAbp7peSr,75,0.114,0.711,252256,0.739,0.0,7,0.226,-3.804,0,0.129,136.919,4,0.43
138,Post Malone,Congratulations,3a1lNhkSLSkpJE4MSHpDu9,87,0.215,0.63,220293,0.804,0.0,6,0.253,-4.183,1,0.0363,123.146,4,0.492
139,Russ,"Psycho, Pt. 2",26OhjtaTamFocE08t83ml6,78,0.775,0.766,161985,0.548,5.57e-06,10,0.1,-4.29,1,0.235,82.944,4,0.424
140,Sean Paul,Temperature,0k2GOhqsrxDTAbFFSdNJjT,77,0.106,0.951,218573,0.6,0.0,0,0.0712,-4.675,0,0.0685,125.04,4,0.822
141,6LACK,Pretty Little Fears (feat. J. Cole),4at3d5QWnlibMVN75ECDrp,82,0.711,0.611,240342,0.466,0.000264,9,0.0847,-11.361,1,0.372,192.08,4,0.223
142,Kendrick Lamar,King Kunta,0N3W5peJUQtI4eyR6GJT5O,76,0.00589,0.884,234693,0.657,0.0,6,0.154,-4.569,0,0.0977,107.059,4,0.489
143,XXXTENTACION,NUMB,01TnVDiet1DFTsyWKUKovl,79,0.1,0.414,186268,0.416,0.179,11,0.131,-8.024,0,0.0251,159.91,4,0.196
144,Ski Mask The Slump God,Catch Me Outside,4rgwri7LajWVZvdj2N81SS,77,0.165,0.943,145760,0.677,0.0,7,0.327,-6.033,1,0.246,112.001,4,0.615
145,21 Savage,Ghostface Killers,5u6vkDnOyaf8LsteDAj2ub,76,0.331,0.782,268933,0.436,1.3e-05,2,0.342,-7.033,1,0.155,82.994,4,0.243
146,Kanye West,Pt. 2,1Wsbr1d2BouNGk2q92mIj7,68,0.577,0.67,130293,0.724,0.0,11,0.789,-4.141,1,0.361,145.105,4,0.285
147,Eminem,Stan,3UmaczJpikHgJFyBTAJVoz,76,0.0369,0.778,404107,0.769,4.03e-06,6,0.548,-4.331,0,0.248,80.044,4,0.484
148,Tyga,Dip (feat. Nicki Minaj),4hXDobvUaXyDFLnmecoY0z,81,0.0311,0.885,195992,0.543,0.0,2,0.154,-6.338,1,0.2,99.026,4,0.43
149,G-Eazy,I Mean It,6jmTHeoWvBaSrwWttr8Xvu,75,0.125,0.712,236480,0.562,0.0,10,0.136,-6.008,1,0.129,140.0,4,0.142
150,Trippie Redd,1400 / 999 Freestyle,75lcPkAkUsKWHGBlGM476R,81,0.0079,0.825,175954,0.572,0.0,6,0.113,-6.067,0,0.0864,141.991,4,0.568
151,Lil Peep,Gym Class,08AJ0xQv5LRZsvXf1Jkr2y,18,0.507,0.622,217000,0.347,0.00421,8,0.0841,-13.292,1,0.0649,75.512,4,0.0757
152,Lil Baby,Pure Cocaine,577YBGuskWkVDCxZrLRB4v,86,0.00127,0.964,154024,0.487,6.57e-06,10,0.115,-6.071,0,0.421,127.05,4,0.107
153,Rich The Kid,Plug Walk,1ZAyjvIk9YiD76yYy0TEG6,83,0.202,0.876,175230,0.519,0.0,11,0.108,-6.531,1,0.143,94.981,4,0.158
154,Pia Mia,Do It Again,72Bz4ciRZPBcVSw0nrZDHi,77,0.0299,0.714,207746,0.559,0.0,8,0.088,-6.543,1,0.0515,95.979,4,0.411
155,Ski Mask The Slump God,Take A Step Back,2gQYziDV5cSTRSqr6akzi5,78,0.109,0.802,210387,0.59,0.0,6,0.429,-8.81,1,0.273,117.007,4,0.747
156,Juice WRLD,Hide (feat. Seezyn),6rz0dTA0PdhXImFV5EjM0w,82,0.0622,0.715,205800,0.639,0.0,5,0.157,-5.017,0,0.0752,149.996,4,0.151
157,Post Malone,92 Explorer,1D2L6MefbXon28PzIk9I3r,79,0.269,0.802,211427,0.743,1.36e-06,7,0.121,-4.82,0,0.0474,146.03,4,0.877
158,Logic,Keanu Reeves,25F6MWrnFBCXVnpN4n76EK,85,0.0591,0.71,225987,0.888,0.0,2,0.134,-6.457,1,0.235,170.193,4,0.816
159,Post Malone,Zack And Codeine,5lZZmityu9TAjNvSY6GLhR,77,0.143,0.742,204360,0.84,0.0,5,0.133,-5.198,0,0.0471,138.032,4,0.287
160,Juice WRLD,Legends,1Knctxx9vGZxpZfF66BIEa,81,0.115,0.594,191840,0.798,0.0,4,0.143,-5.244,1,0.0844,142.049,4,0.381
161,Post Malone,Stay,4H7WNRErSbONkM06blBoGc,82,0.414,0.479,204427,0.468,0.0,5,0.148,-5.396,1,0.0274,85.913,4,0.35
162,Akon,I Wanna Love You,6NncjnSD7JLEetWb9KqMRY,70,0.0359,0.865,247067,0.45,1.28e-06,0,0.308,-9.387,1,0.0417,99.989,4,0.352
163,Machine Gun Kelly,RAP DEVIL,63TyoT9Ee03rQxv8xmdJ2l,73,0.217,0.895,286117,0.839,3e-06,0,0.239,-4.512,1,0.227,149.951,4,0.756
164,Migos,MotorSport,4wFjTWCunQFKtukqrNijEt,81,0.0338,0.896,303077,0.515,0.0,2,0.317,-5.395,1,0.183,138.016,4,0.174
165,2 Chainz,Whip (feat. Travis Scott),6Z4rmc0uujCpl8yXe3yjgI,80,0.12,0.793,226600,0.399,0.0,7,0.124,-7.428,1,0.0951,121.949,4,0.0379
166,OutKast,Roses,6bUNEbXT7HovLW6BgPCBsb,73,0.0481,0.751,369573,0.708,1.83e-05,0,0.107,-5.645,1,0.0545,108.97,4,0.509
167,Warren G,Regulate,7nYvUtkQMx1v80S2FH2s9J,75,0.29,0.845,248867,0.51,2.39e-06,11,0.114,-13.064,0,0.224,95.265,4,0.74
168,Lil Mosey,Bust Down Cartier,15AF6h7aQ0ibWzBbzAFLL9,74,0.045,0.632,148148,0.727,0.0,0,0.117,-7.353,1,0.0749,161.707,4,0.407
169,Drake,Passionfruit,5mCPDVBb16L4XQwDdbRUpz,82,0.304,0.804,298941,0.459,0.0862,11,0.11,-11.556,1,0.039,111.963,4,0.372
170,Future,Fine China,5274I4mUMnYczyeXkGDWZN,84,0.0484,0.656,141587,0.542,0.0,7,0.126,-7.358,1,0.323,166.111,4,0.551
171,Kanye West,Yikes,1qsHYUd2c1wFGcn7e63QmG,74,0.15,0.683,188773,0.776,0.0,1,0.227,-3.251,0,0.341,173.996,4,0.223
172,G-Eazy,West Coast,2O8gSQ9z52tZSLJnuzjkcG,79,0.0729,0.843,139610,0.806,0.0,6,0.758,-5.156,1,0.367,97.858,4,0.821
173,Gym Class Heroes,Stereo Hearts (feat. Adam Levine),0qOnSQQF0yzuPWsXrQ9paz,77,0.0319,0.646,210960,0.795,0.0,9,0.267,-3.293,1,0.0976,89.99,4,0.796
174,Offset,Ric Flair Drip (& Metro Boomin),7sO5G9EABYOXQKNPNiE9NR,86,0.149,0.88,172800,0.428,5.07e-05,9,0.114,-8.28,1,0.206,100.007,4,0.333
175,Mike Posner,Cooler Than Me - Single Mix,2V4bv1fNWfTcyRJKmej6Sj,73,0.179,0.768,213293,0.82,0.0,7,0.704,-4.63,0,0.0475,129.969,4,0.625
176,Travis Scott,WAKE UP,20MuVazoNMv6xjKPnRFOxG,76,0.192,0.741,231964,0.645,0.0,11,0.163,-5.116,0,0.0963,149.07,4,0.488
177,G-Eazy,Him & I,15YBFbK0sXZzEz1jWsjTYG,0,0.11,0.614,267467,0.734,0.0,7,0.297,-6.646,1,0.104,87.961,4,0.233
178,Kanye West,POWER,2gZUPNdnz5Y45eiGxpHGSc,80,0.0162,0.543,292093,0.915,0.0,0,0.744,-4.746,0,0.113,153.998,4,0.577
179,Eminem,'Till I Collapse,4xkOaSrkexMciUUogZKVTS,85,0.0757,0.572,297893,0.853,0.0,1,0.0798,-3.203,1,0.217,171.297,4,0.102
180,Travis Scott,BUTTERFLY EFFECT,2cYqizR4lgvp4Qu6IQ3qGN,83,0.0531,0.763,190557,0.628,0.0,11,0.114,-5.85,1,0.05,140.958,4,0.193
181,XXXTENTACION,Hope,2ZRo7axmMPeSVUvDbGkJah,83,0.661,0.592,110886,0.457,0.000331,9,0.146,-6.081,0,0.0603,146.04,4,0.225
182,The Weeknd,Pray For Me (with Kendrick Lamar),77UjLW8j5UAGAGVGhR5oUK,80,0.0762,0.735,211440,0.677,2.17e-05,2,0.111,-4.979,1,0.093,100.584,4,0.188
183,Post Malone,Patient,5DLTuH4A5VZB2HKpqHQR6t,74,0.565,0.743,194333,0.662,0.0,5,0.128,-6.108,0,0.179,89.975,4,0.552
184,Gucci Mane,I Get The Bag (feat. Migos),1XRgIKC5TPwo7nWGyKqgG0,79,0.0232,0.89,233087,0.633,0.000343,11,0.0993,-5.475,1,0.168,139.948,4,0.425
185,Lil Mosey,Pull Up,6dww8y59MiIREzWonqzGOy,76,0.554,0.655,183624,0.607,0.0,7,0.115,-5.815,0,0.0862,149.033,4,0.2
186,"Tyler, The Creator",Potato Salad,1jzIJcHCXneHw7ojC6LXiF,76,0.308,0.538,182493,0.612,0.0,2,0.213,-6.02,1,0.424,168.197,4,0.684
187,Ski Mask The Slump God,BabyWipe,6eKWSrZfzd25TYYxkscWgg,76,0.0266,0.885,168627,0.506,0.0,1,0.307,-8.322,1,0.268,148.038,4,0.588
188,Lil Uzi Vert,Erase Your Social,4uhvMW7ly7tJil31YYscAN,75,0.694,0.705,199993,0.609,0.0,3,0.234,-5.728,1,0.0729,140.058,4,0.718
189,The Weeknd,Can't Feel My Face,22VdIZQfgXJea34mQxlt81,80,0.112,0.705,213520,0.769,0.0,9,0.105,-5.526,0,0.0426,107.939,4,0.59
190,2Pac,Ghetto Gospel,7jLbTp3qZzah9kMIdW8e5M,69,0.0997,0.795,238053,0.615,0.0,5,0.0793,-5.498,0,0.0471,80.535,4,0.673
191,Sean Paul,Mad Love,3soOPBuMK8YMdWnV7xpEyf,73,0.00575,0.815,199945,0.817,4.67e-06,2,0.171,-3.457,1,0.209,98.023,4,0.625
192,Flo Rida,Wild Ones (feat. Sia),1NpW5kyvO4XrNJ3rnfcNy3,77,0.0991,0.608,232947,0.86,0.0,5,0.262,-5.324,0,0.0554,127.075,4,0.437
193,Eminem,Rap God,6or1bKJiZ06IlK0vFvY75k,79,0.397,0.708,363521,0.843,0.0,7,0.799,-2.66,1,0.314,148.14,4,0.625
194,Joey Bada$$,TEMPTATION,7L9g4cPfohScjJ8mGwLQWr,70,0.397,0.775,244198,0.707,0.0,10,0.874,-5.339,0,0.152,104.979,4,0.78
195,50 Cent,P.I.M.P.,3G0yz3DZn3lfraledmBCT0,73,0.0521,0.712,249480,0.772,4.35e-06,10,0.0368,-3.024,0,0.346,84.722,4,0.848
196,Post Malone,Better Now,7dt6x5M1jzdTEt8oCbisTK,92,0.354,0.68,231267,0.563,0.0,10,0.136,-5.843,1,0.0454,145.028,4,0.374
197,Juice WRLD,Make Believe,6eiztdXRkooWsBt2xToMWI,85,0.125,0.465,142026,0.84,0.0,0,0.138,-4.35,1,0.0722,83.981,4,0.672
198,The Weeknd,Call Out My Name,4MPTj8lMMvxLwT3EwuXFop,82,0.211,0.449,228373,0.599,0.0,1,0.327,-4.892,1,0.0369,134.144,3,0.165
199,YNW Melly,Mama Cry,2fSW54bA6x2iWePU7rpCiP,78,0.0739,0.543,231298,0.492,0.0,7,0.11,-7.432,1,0.156,220.099,4,0.107
200,Lil Pump,Racks on Racks,0SfG57HqtBNqKN9O27fo1s,76,0.0311,0.822,129778,0.484,6.22e-06,1,0.31,-7.166,1,0.0865,150.061,4,0.0934
201,Kendrick Lamar,LOVE. FEAT. ZACARI.,6PGoSes0D9eUDeeAafB2As,81,0.264,0.8,213400,0.585,0.0,10,0.153,-7.343,1,0.0924,126.058,4,0.779
202,Linkin Park,In The End,60a0Rd6pjrkxjPbaKzXjfq,84,0.0103,0.542,216933,0.853,0.0,3,0.108,-6.407,0,0.0498,105.256,4,0.37
203,MKTO,Classic,6FE2iI43OZnszFLuLtvvmg,79,0.0384,0.72,175427,0.791,0.0,1,0.157,-4.689,1,0.124,102.071,4,0.756
204,Ski Mask The Slump God,Faucet Failure,1ThmUihH9dF8EV08ku5AXN,88,0.111,0.935,145627,0.552,0.0,10,0.0952,-9.373,0,0.335,99.993,4,0.615
205,Lil Wayne,Scared of the Dark (feat. XXXTENTACION),3vWzyGTu6Ovo1GdrcJqH6e,79,0.0468,0.443,233000,0.623,0.0,0,0.247,-6.717,0,0.0718,79.365,4,0.156
206,Kendrick Lamar,Swimming Pools (Drank),6REbwUNlppTfcnV4d4ZoZi,72,0.00627,0.577,247800,0.447,0.00022,8,0.0899,-5.892,1,0.277,74.236,4,0.189
207,Logic,Confessions of a Dangerous Mind,5CE0V7z1ePOZQNJNpWxYGA,82,0.381,0.8,284080,0.762,0.0,7,0.0887,-4.097,0,0.203,141.971,4,0.645
208,Post Malone,Money Made Me Do It,1ysAvOdJgUjc6CqOQxepaz,74,0.305,0.734,224960,0.429,0.0,7,0.0659,-6.511,1,0.16,83.022,4,0.372
209,French Montana,No Stylist,04MLEeAMuV9IlHEsD8vF6A,86,0.0215,0.765,192172,0.704,0.0,5,0.227,-4.589,0,0.127,147.055,4,0.498
210,Drake,Jumpman,27GmP9AWRs744SzKcpJsTZ,77,0.0563,0.852,205879,0.553,0.0,1,0.332,-7.286,1,0.187,142.072,4,0.656
211,Juice WRLD,Feeling,2Jh3UqxnHJMyzMzku4uOtE,81,0.234,0.712,201920,0.515,0.0,10,0.205,-6.004,0,0.0857,160.0,4,0.563
212,The Weeknd,"Earned It (Fifty Shades Of Grey) - From The ""Fifty Shades Of Grey"" Soundtrack",2PIvq1pGrUjY007X5y1UpM,79,0.391,0.66,252227,0.382,0.0,2,0.0972,-5.919,0,0.0304,119.875,3,0.436
213,Juice WRLD,Robbery,6Hj9jySrnFppAI0sEMCZpJ,91,0.328,0.685,240051,0.692,0.0,2,0.153,-5.122,1,0.0457,159.966,5,0.578
214,Eminem,When I'm Gone,4CDIEKHMb2MBgvgHBkhiJD,69,0.0553,0.618,281320,0.746,0.0,10,0.273,-5.476,0,0.352,75.272,4,0.75
215,DJ Khaled,"I'm the One (feat. Justin Bieber, Quavo, Chance the Rapper & Lil Wayne)",3DXncPQOG4VBw3QHh3S817,78,0.0552,0.609,288600,0.668,0.0,7,0.167,-4.284,1,0.0367,80.924,4,0.811
216,XXXTENTACION,I Don't Wanna Do This Anymore,5de9Ho64dovuQI8Uhn5gPD,79,0.843,0.433,87561,0.778,0.0,4,0.139,-7.681,1,0.041,114.208,4,0.764
217,Migos,Stir Fry,2UVbBKQOdFAekPTRsnkzcf,80,0.00299,0.815,190288,0.816,0.0,2,0.159,-5.474,1,0.269,181.967,4,0.498
218,T.I.,Live Your Life (feat. Rihanna),3jlbL2OTD5YmIunYzgQTAN,76,0.071,0.375,338853,0.862,0.0,11,0.211,-3.363,0,0.255,159.841,4,0.478
219,Wiz Khalifa,Hopeless Romantic (feat. Swae Lee),4uX8Wh4wxpLne11BhoHs5x,64,0.299,0.874,225484,0.492,0.0,9,0.0983,-7.399,0,0.0604,127.067,4,0.587
220,Lil Peep,Awful Things,7Hr2XoaGpIMKbNXCZDZ3le,76,0.0157,0.368,214427,0.796,0.0,1,0.0694,-4.923,0,0.0823,170.033,4,0.181
221,Nico & Vinz,Am I Wrong,1fidCEsYlaVE3pHwKCvpFZ,72,0.162,0.725,247520,0.68,2.13e-06,8,0.158,-5.465,1,0.0306,119.939,4,0.76
222,Kanye West,Father Stretch My Hands Pt. 1,4KW1lqgSr8TKrvBII0Brf8,74,0.142,0.714,135920,0.566,1.25e-06,7,0.57,-4.408,1,0.056,113.074,4,0.449
223,50 Cent,Just A Lil Bit,4nva9EpKntUTs6CRSGBCn9,74,0.0322,0.489,237707,0.692,0.00608,1,0.315,-6.672,1,0.41,96.946,4,0.527
224,Miguel,Sure Thing,0JXXNGljqupsJaZsgSbMZV,75,0.0275,0.684,195373,0.603,0.000311,11,0.191,-8.127,0,0.0989,81.0,4,0.504
225,DJ Khaled,Wild Thoughts (feat. Rihanna & Bryson Tiller),1OAh8uOEOvTDqkKFsKksCi,78,0.0329,0.671,204173,0.672,0.0,0,0.118,-3.094,0,0.0688,97.98,4,0.632
226,Akon,Right Now (Na Na Na),2VqAEP1yY5T523K7bZtL8a,68,0.262,0.83,240747,0.857,0.0,8,0.413,-4.194,0,0.152,137.982,4,0.607
227,Lil Peep,Falling Down - Bonus Track,4jvjzW7Hm0yK4LvvE0Paz9,86,0.0175,0.669,196400,0.574,0.00294,4,0.146,-6.442,0,0.0286,120.013,4,0.273
228,DRAM,Broccoli (feat. Lil Yachty),7yyRTcZmCiyzzJlNzGC9Ol,73,0.236,0.886,225205,0.525,0.0,8,0.057,-7.39,1,0.131,145.99,4,0.708
229,Future,First Off (feat. Travis Scott),3WRIaWsws011vHMd9uzPjG,83,0.013,0.734,228367,0.683,0.0,1,0.28,-6.105,1,0.0776,162.038,4,0.445
230,A$AP Rocky,Fukk Sleep,1AqemxWsT0iGg5Lvkm16Bt,73,0.443,0.793,192973,0.412,7.43e-05,2,0.219,-9.305,1,0.364,135.937,4,0.307
231,The Notorious B.I.G.,Big Poppa,2g8HN35AnVGIk7B8yMucww,76,0.432,0.778,252747,0.578,0.0,9,0.138,-7.22,0,0.274,84.487,4,0.758
232,Kanye West,Violent Crimes,3s7MCdXyWmwjdcWh7GWXas,72,0.376,0.669,215320,0.419,0.0,1,0.187,-6.724,0,0.522,109.813,4,0.0397
233,Joey Bada$$,DEVASTATED,4ntsD33Pgsgk8rUyZLLiUV,73,0.0634,0.812,207059,0.628,0.0,10,0.254,-6.164,0,0.0682,123.004,4,0.485
234,The Black Eyed Peas,I Gotta Feeling,4kLLWz7srcuLKA7Et40PQR,77,0.0873,0.743,289133,0.766,0.0,0,0.509,-6.375,1,0.0265,127.96,4,0.61
235,Kanye West,Through The Wire,4mmkhcEm1Ljy1U9nwtsxUo,68,0.00865,0.571,221227,0.739,5.21e-06,7,0.158,-6.11,1,0.247,83.089,4,0.66
236,Mac Miller,Weekend (feat. Miguel),6GnhWMhgJb7uyiiPEiEkDA,77,0.47,0.843,208080,0.435,0.0,8,0.147,-8.442,1,0.178,120.058,4,0.19
237,XXXTENTACION,Everybody Dies In Their Nightmares,3GVkPk8mqxz0itaAriG1L7,85,0.847,0.734,95467,0.57,2.14e-05,7,0.112,-7.066,0,0.133,129.953,4,0.689
238,Kanye West,Real Friends,66Q3fAmSX5eHamgbKa9alP,69,0.268,0.445,251573,0.746,0.00033,6,0.138,-6.281,0,0.456,170.612,4,0.121
239,Cardi B,Be Careful,2Yl4OmDby9iitgNWZPwxkd,77,0.0256,0.82,210787,0.568,0.0,6,0.0952,-8.23,0,0.411,152.279,4,0.535
240,Lil Mosey,Kamikaze,1iPBD72u3nAyFEeardYuBV,83,0.301,0.792,139200,0.571,0.0,8,0.1,-7.539,0,0.094,99.999,4,0.556
241,Kid Cudi,Day 'N' Nite (Nightmare),60PAzFNW3vAiAiVK6DRJfB,69,0.462,0.88,221240,0.443,7.13e-06,11,0.122,-6.359,0,0.0653,138.018,4,0.803
242,A$AP Rocky,Sundress,2aPTvyE09vUCRwVvj0I8WK,77,0.176,0.721,158206,0.704,3.71e-06,6,0.143,-6.364,1,0.0606,125.004,4,0.735
243,J. Cole,Wet Dreamz,6Ius4TC0L3cN74HT7ENE6e,81,0.0752,0.504,239320,0.705,0.0,6,0.128,-8.205,0,0.364,175.483,4,0.584
244,XXXTENTACION,Fuck Love (feat. Trippie Redd),7AQim7LbvFVZJE3O8TYgf2,87,0.0172,0.797,146520,0.533,0.000152,0,0.103,-9.74,0,0.0412,131.036,4,0.329
245,Famous Dex,JAPAN,5PTG6rrL6EPFD9E2QMI2pl,81,0.121,0.733,142000,0.678,0.0,6,0.344,-7.771,1,0.438,175.985,4,0.841
246,Juice WRLD,Wasted (feat. Lil Uzi Vert),1a7WZZZH7LzyvorhpOJFTe,81,0.0381,0.742,258475,0.579,0.0,0,0.0952,-5.024,1,0.202,144.994,4,0.502
247,XXXTENTACION,changes,7AFASza1mXqntmGtbxXprO,87,0.883,0.669,121887,0.308,0.0,11,0.0984,-10.068,1,0.029,64.934,4,0.52
248,YNW Melly,Mixed Personalities (feat. Kanye West),6vWEAOUSxohKxhp0K1BsxL,91,0.457,0.661,230400,0.44,0.0,2,0.128,-9.104,1,0.0803,149.937,4,0.352
249,Post Malone,Deja Vu,0H8XeaJunhvpBdBFIYi6Sh,75,0.0931,0.62,234213,0.69,0.0,7,0.131,-6.508,1,0.0493,133.935,4,0.331
250,Eminem,Killshot,1jo3TwNGCXfNdB5uba3ZVv,82,0.0989,0.892,253580,0.651,0.0,0,0.371,-8.645,0,0.378,105.814,4,0.599
251,Travis Scott,goosebumps,6gBFPUFcJLzWGx4lenP6h2,86,0.0847,0.841,243837,0.728,0.0,7,0.149,-3.37,1,0.0484,130.049,4,0.43
252,Trippie Redd,Topanga,5aXgz1oKK8Q9z9xvTmSnrO,81,0.00587,0.755,215364,0.615,1.75e-06,4,0.109,-8.245,1,0.0454,105.955,4,0.039
253,A$AP Rocky,Praise The Lord (Da Shine) (feat. Skepta),7ycWLEP1GsNjVvcjawXz3z,86,0.0609,0.85,205040,0.569,0.0816,5,0.1,-8.152,0,0.136,80.02,4,0.294
254,Ginuwine,Pony,6mz1fBdKATx6qP4oP1I65G,74,0.00186,0.749,251733,0.605,0.0381,8,0.115,-9.359,0,0.086,142.024,4,0.966
255,50 Cent,Candy Shop,5D2mYZuzcgjpchVY1pmTPh,78,0.0253,0.614,209107,0.574,3.2e-05,11,0.38,-7.961,1,0.466,125.173,5,0.755
256,Kanye West,Runaway,3DK6m7It6Pw857FcQftMds,73,0.218,0.571,547733,0.568,0.0021,1,0.512,-3.827,0,0.0703,86.986,4,0.109
257,Russ,Missin You Crazy,4ve2uzqdwnHr20G5YgMMqr,83,0.0991,0.716,226693,0.729,0.0,5,0.0842,-6.313,1,0.117,131.975,4,0.276
258,Post Malone,White Iverson,6eT7xZZlB2mwyzJ2sUKG6w,83,0.233,0.675,256533,0.562,0.0,7,0.0816,-7.678,1,0.0352,130.098,4,0.309
259,Offset,Lick,4W9XGjEUVG9junR70FOLii,78,0.172,0.959,204516,0.539,0.0,4,0.108,-6.611,0,0.0958,103.0,4,0.657
260,XXXTENTACION,Moonlight,0JP9xo3adEtGSdUEISiszL,90,0.556,0.921,135090,0.537,0.00404,9,0.102,-5.723,0,0.0804,128.009,4,0.711
261,Jason Derulo,Trumpets,1QdpGjYp035BXJB7qPAzl9,58,0.563,0.627,217307,0.703,0.0,0,0.0962,-4.884,1,0.236,81.897,4,0.64
262,Labrinth,Beneath Your Beautiful,2EcsgXlxz99UMDSPg5T8RF,70,0.228,0.558,271813,0.522,0.0,2,0.104,-5.857,1,0.036,83.977,4,0.228
263,Frank Ocean,Lost,4L7jMAP8UcIe309yQmkdcO,68,0.0251,0.914,234093,0.605,0.00029,10,0.169,-4.91,0,0.222,123.072,4,0.489
264,Jason Derulo,In My Head,6St9lR6dhV2tpCNVz7qfrS,72,0.0266,0.762,199027,0.748,0.0,0,0.348,-4.15,0,0.033,110.009,4,0.851
265,NAV,Price On My Head (feat. The Weeknd),4hqOmrCCJKyiuwDexd8c2t,81,0.384,0.768,217776,0.574,1.65e-05,6,0.336,-6.104,0,0.136,74.949,4,0.278
266,Lil Peep,I've Been Waiting (w/ ILoveMakonnen & Fall Out Boy),2v5JTeM6hSmi5wWy7jiwrI,84,0.15,0.741,233613,0.845,0.0,5,0.174,-3.568,0,0.0381,129.939,4,0.926
267,Flo Rida,Low (feat. T-Pain),0CAfXk7DXMnon4gLudAp7J,80,0.0928,0.918,231400,0.609,0.0,10,0.139,-5.64,0,0.0791,128.008,4,0.304
268,Juice WRLD,Armed And Dangerous,5wujBwqG7INdStqGd4tRMX,87,0.186,0.736,169999,0.67,0.0,10,0.114,-6.702,1,0.311,130.032,4,0.845
269,Rae Sremmurd,Guatemala - From Swaecation,0TCnOEVeLQMXOUrpPlM7uY,78,0.185,0.849,256341,0.699,0.00118,4,0.0954,-5.193,0,0.0574,100.989,4,0.0778
270,OutKast,Hey Ya!,2PpruBYCo4H7WOBJ7Q2EwM,78,0.103,0.728,235213,0.974,0.000532,4,0.175,-2.261,0,0.0665,79.526,4,0.965
271,XXXTENTACION,Depression & Obsession,2H3wWrnO758y0fPH7Ilerg,77,0.585,0.769,144733,0.156,0.015,11,0.102,-10.7,0,0.035,105.95,4,0.527
272,6ix9ine,GOTTI,27oFpFktCq9JIXjJQRuv7a,76,0.0524,0.728,166852,0.584,0.0,10,0.0658,-7.255,0,0.176,161.9,4,0.365
273,Cardi B,Money,2GGMabyHXnJmjY6CXhhB2e,88,0.00534,0.95,183527,0.59,0.0,8,0.11,-6.508,0,0.29,130.003,4,0.219
274,J. Cole,G.O.M.D.,16qYlQ6koFxYVbiJbGHblz,78,0.331,0.889,301133,0.393,8.67e-06,4,0.283,-10.821,0,0.267,128.065,4,0.304
275,6ix9ine,STOOPID (feat. Bobby Shmurda),6k2iq1yULhXILe0i8xQqPF,77,0.13,0.733,152000,0.63,0.0,11,0.162,-4.296,1,0.395,149.989,4,0.832
276,Travis Scott,SICKO MODE - Skrillex Remix,0u695M7KyzXaPIjpEbxOkB,78,0.0214,0.651,304512,0.833,0.0,1,0.14,-3.356,1,0.172,155.051,4,0.443
277,Will Smith,Miami,6e8Ou0wiqAzIpWb2eSxll8,71,0.0339,0.877,197560,0.534,1.73e-05,1,0.0441,-6.18,1,0.151,108.171,4,0.89
278,Travis Scott,HOUSTONFORNICATION,58TaFP5j5i9swOf584yon2,75,0.0985,0.689,217828,0.723,0.0,0,0.158,-4.052,0,0.0836,160.042,4,0.288
279,Kanye West,I Love It (& Lil Pump),4S8d14HvHb70ImctNgVzQQ,85,0.0114,0.901,127947,0.522,0.0,2,0.259,-8.304,1,0.33,104.053,4,0.329
280,Jeremih,Impatient,3WjyiSbfR74pjWXQ3IaFKJ,76,0.124,0.802,245520,0.412,0.0,5,0.103,-5.963,0,0.0478,89.546,4,0.394
281,Drake,Nonstop,0TlLq3lA83rQOYtrqBqSct,88,0.0164,0.912,238614,0.412,0.013,7,0.104,-8.074,1,0.124,154.983,4,0.422
282,NF,Lie,07FkzikE6FuHIa8Ma7zJGc,78,0.161,0.753,209213,0.66,0.0,5,0.236,-6.542,1,0.133,95.003,4,0.182
283,Roddy Ricch,Die Young,3wLtYwtqvKK2ewelSVPeDK,78,0.218,0.688,157657,0.656,0.0,4,0.115,-5.541,0,0.276,160.414,4,0.365
284,Kanye West,Ultralight Beam,1eQBEelI2NCy7AUTerX0KS,73,0.637,0.596,320680,0.393,0.0,8,0.539,-8.714,1,0.383,107.425,4,0.36
285,Ne-Yo,Miss Independent,1yJ5fyqBusR7Verj8JGsKV,72,0.505,0.663,232000,0.698,0.0,1,0.194,-5.595,1,0.119,171.706,4,0.697
286,G-Eazy,No Limit,2Xqd0wUttjueBfdcltADOv,78,0.0117,0.838,245387,0.771,0.0,1,0.0853,-3.791,1,0.244,175.957,4,0.405
287,Snoop Dogg,Drop It Like It's Hot,70ludZZEUJy1aFVkPI0Kpi,71,0.169,0.892,266067,0.628,0.0,1,0.102,-3.832,1,0.216,92.063,4,0.676
288,Eminem,Shake That,0fGh0trRN1xz3s41r7V5ce,74,0.0556,0.962,274440,0.64,1.97e-05,1,0.158,-5.987,0,0.12,106.995,4,0.533
289,21 Savage,a lot,2t8yVaLvJ0RenpXUIAC52d,91,0.0395,0.837,288624,0.636,0.00125,1,0.342,-7.643,1,0.086,145.972,4,0.274
290,Pitbull,Timber,3cHyrEgdyYRjgJKSOiOtcS,76,0.0295,0.581,204160,0.963,0.0,11,0.139,-4.087,1,0.0981,129.992,4,0.788
291,Kendrick Lamar,DNA.,6HZILIRieu8S0iqY8kIKhj,82,0.00454,0.638,185947,0.523,0.0,1,0.0842,-6.664,1,0.357,139.913,4,0.422
292,Future,Mask Off (feat. Kendrick Lamar) - Remix,5aJ9TepOs94Wn9g2IVJUnO,0,0.0122,0.72,258427,0.424,0.0126,2,0.453,-11.964,1,0.387,150.01,4,0.228
293,Snoop Dogg,Heavy Hittas - Remix,36tWMPSkNzD5XKbkGEZha1,33,0.103,0.794,215723,0.539,2.98e-06,7,0.111,-9.078,1,0.281,99.059,4,0.671
294,Lil Mosey,Noticed,6JQvHMSaR8flFsN53ypOfP,86,0.462,0.699,165000,0.558,0.0,11,0.116,-7.622,1,0.0603,79.992,4,0.493
295,Metro Boomin,Space Cadet (feat. Gunna),1fewSx2d5KIZ04wsooEBOz,87,0.368,0.901,203267,0.464,1.71e-05,5,0.238,-9.789,0,0.0645,109.004,4,0.638
296,Jay Sean,Down,0MLX5HfrTW59Mau7UZ8wCP,59,0.0106,0.658,212520,0.688,0.0,2,0.0791,-4.506,1,0.0334,66.001,4,0.689
297,Mustard,Pure Water (with Migos),63cd4JkwGgYJrbOizbfmsp,92,0.172,0.68,194520,0.559,0.0,0,0.318,-5.545,1,0.129,202.006,4,0.137
298,Travie McCoy,Billionaire (feat. Bruno Mars),2M9ULmQwTaTGmAdXaXpfz5,74,0.297,0.633,211160,0.673,0.0,6,0.206,-6.403,0,0.258,86.776,4,0.659
299,Juice WRLD,Lucid Dreams,285pBltuF7vW8TeWk8hdRR,91,0.349,0.511,239836,0.566,0.0,6,0.34,-7.23,0,0.2,83.903,4,0.218
300,A Boogie Wit da Hoodie,Drowning (feat. Kodak Black),1f5cbQtDrykjarZVrShaDI,81,0.501,0.839,209269,0.81,0.0,5,0.117,-5.274,0,0.0568,129.014,4,0.814
301,Juice WRLD,Maze,4mUIe9gfsdtsVP2zFIl74x,83,0.126,0.674,144090,0.726,1.56e-06,11,0.115,-3.813,0,0.141,160.067,4,0.443
302,Lil Pump,Butterfly Doors,4NdXQlDTzxbOMkzJGWFtz3,79,0.0889,0.925,132923,0.397,5.12e-05,5,0.144,-11.265,1,0.169,130.008,4,0.429
303,2Pac,All Eyez On Me,2xTft6GEZeTyWNpdX94rkf,77,0.03,0.873,307773,0.719,0.0,1,0.333,-5.948,1,0.248,93.281,4,0.858
304,6ix9ine,TATI (feat. DJ SpinKing),6wJrqTE6c4NtfDqAcSRcBf,76,0.00214,0.779,154565,0.767,0.0,11,0.102,-5.462,0,0.258,91.981,4,0.523
305,A Boogie Wit da Hoodie,Swervin (feat. 6ix9ine),1wJRveJZLSb1rjhnUHQiv6,94,0.0153,0.581,189487,0.662,0.0,9,0.111,-5.239,1,0.303,93.023,4,0.434
306,YG,"BIG BANK (feat. 2 Chainz, Big Sean, Nicki Minaj)",0ZNrc4kNeQYD9koZ3KvCsy,82,0.00552,0.745,237240,0.346,0.0,1,0.0881,-7.709,1,0.331,203.911,4,0.112
307,Tory Lanez,Freaky,0NJp8GyCOWnQh71xKSPfuV,85,0.00202,0.966,173926,0.563,0.0,8,0.105,-5.764,1,0.0618,104.991,4,0.363
308,KYLE,Playinwitme (feat. Kehlani),4F1yvJfQ7gJkrcgFJQDjOr,80,0.339,0.689,191680,0.584,0.0,1,0.297,-5.768,0,0.119,156.572,4,0.676
309,Rae Sremmurd,Black Beatles,6fujklziTHa8uoM5OQSfIo,78,0.142,0.794,291893,0.632,0.0,0,0.128,-6.163,1,0.0649,145.926,4,0.355
310,Drake,One Dance,1zi7xx7UVEFkmKfv06H8x0,84,0.00842,0.796,173987,0.61,0.00286,1,0.351,-5.857,1,0.0516,103.99,4,0.391
311,Lil Wayne,"Sucker For Pain (with Wiz Khalifa, Imagine Dragons, Logic & Ty Dolla $ign feat. X Ambassadors)",4dASQiO1Eoo3RJvt74FtXB,79,0.255,0.502,243491,0.786,0.0,9,0.65,-4.378,0,0.317,169.021,4,0.739
312,Post Malone,Ball For Me (feat. Nicki Minaj),6IaieqiCVvsNvEt6Y7yOFa,81,0.493,0.792,206267,0.56,0.0,9,0.0849,-4.125,1,0.225,134.044,4,0.505
313,Quavo,FLIP THE SWITCH (feat. Drake),1rlIrbWboTRGeKfHhgbJRZ,78,0.129,0.853,156195,0.637,0.0,3,0.267,-5.924,0,0.331,86.048,4,0.496
314,B.o.B,Airplanes (feat. Hayley Williams),6lV2MSQmRIkycDScNtrBXO,75,0.11,0.66,180480,0.867,0.0,6,0.0368,-4.285,0,0.116,93.033,4,0.377
315,Pitbull,Time of Our Lives,2bJvI42r8EF3wxjOuDav4r,78,0.0921,0.72,229360,0.802,0.0,1,0.694,-5.797,1,0.0582,124.043,4,0.723
316,Lil Uzi Vert,Money Longer,0B8QzDH7YWih85V5SEMnyJ,79,0.0541,0.795,198944,0.568,0.0,5,0.108,-7.817,0,0.142,136.173,4,0.478
317,XXXTENTACION,Save Me,2UwbhMie1EAYuTZ0QXeMwl,75,0.307,0.731,163202,0.204,0.0109,9,0.0989,-11.314,0,0.0369,142.141,4,0.191
318,Eminem,Without Me,7lQ8MOhq6IN2w8EYcFNSUk,83,0.00348,0.929,290227,0.65,0.0,7,0.308,-2.882,1,0.0858,112.249,4,0.655
319,Post Malone,Wow. - Remix,0fcq51a3gOI6gPvzc0YLsk,84,0.148,0.797,170053,0.64,0.0,11,0.209,-6.272,0,0.194,100.002,4,0.486
320,Logic,Everyday,4EAV2cKiqKP5UPZmY6dejk,83,0.041,0.67,204747,0.752,0.0,1,0.0749,-4.146,1,0.0374,149.961,4,0.442
321,J. Cole,No Role Modelz,62vpWI1CHwFy7tMIcSStl8,84,0.302,0.696,292987,0.521,0.0,10,0.0565,-8.465,0,0.332,100.0,4,0.458
322,The Weeknd,Starboy,7MXVkk9YMctZqd1Srtv4MB,85,0.141,0.678,230453,0.588,6.35e-06,7,0.137,-7.015,1,0.276,186.005,4,0.486
323,Rae Sremmurd,Come Get Her,1Ser4X0TKttOvo8bgdytTP,76,0.184,0.687,212947,0.563,0.0,2,0.0681,-6.214,1,0.163,185.056,4,0.112
324,Tyga,SWISH,55GiOwtxNajXVbpjjIzMnD,82,0.0831,0.884,194936,0.541,0.0,11,0.118,-5.608,1,0.221,105.009,4,0.274
325,A$AP Rocky,Everyday,2N3U8uTYhjX2KwGT0pf5x0,75,0.0101,0.394,260987,0.661,0.0,4,0.343,-8.684,1,0.193,149.822,4,0.335
326,Ne-Yo,So Sick,6brl7bwOHmGFkNw3MBqssT,79,0.273,0.699,207187,0.592,0.0,6,0.202,-8.298,1,0.262,94.933,4,0.589
327,PnB Rock,I Like Girls (feat. Lil Skies),4KXDT3pmPDB9IB6hTUoGpd,78,0.343,0.702,155093,0.77,0.0,1,0.157,-3.519,1,0.229,178.163,4,0.735
328,Juice WRLD,Ring Ring (with Rvssian feat. Clever),4zxpssj8DyrfZcEUSUiNxG,79,0.0768,0.581,171817,0.673,0.0,0,0.4,-4.421,0,0.0549,160.073,4,0.621
329,Post Malone,Same Bitches (feat. G-Eazy & YG),688QpQAwqsLdBR6lr13wK1,77,0.379,0.727,212467,0.774,2.47e-06,10,0.114,-5.246,0,0.0588,99.932,4,0.211
330,OutKast,Ms. Jackson,0I3q5fE6wg7LIfHGngUTnV,78,0.142,0.843,270507,0.805,0.0,4,0.0771,-5.946,0,0.269,94.946,4,0.615
331,Migos,Narcos,0wbnC9AUenxp613TYaJsGK,79,0.0146,0.936,255379,0.588,0.0,7,0.139,-6.948,0,0.136,124.987,4,0.238
332,Travis Scott,Antidote,1wHZx0LgzFHyeIZkUydNXq,77,0.00767,0.713,262693,0.526,0.000148,1,0.124,-5.046,1,0.032,131.05,4,0.131
333,Childish Gambino,Redbone,0wXuerDYiBnERgIpbb3JBR,82,0.167,0.743,326933,0.347,0.00951,1,0.103,-11.174,1,0.121,160.143,4,0.572
334,Lil Dicky,Freaky Friday (feat. Chris Brown),10Igtw8bSDyyFs7KIsKngZ,81,0.147,0.755,216632,0.599,0.0,8,0.109,-5.042,1,0.224,133.123,4,0.755
335,French Montana,Unforgettable (feat. Swae Lee),7sFipqe3qUTNg6HhOygxKX,0,0.0301,0.73,233547,0.725,0.00966,6,0.102,-5.7,1,0.138,97.997,4,0.741
336,J. Cole,MIDDLE CHILD,2JvzF1RMd7lE3KmFlsyZD8,96,0.149,0.837,213594,0.364,0.0,8,0.271,-11.713,1,0.276,123.984,4,0.463
337,Eminem,Lucky You (feat. Joyner Lucas),60SdxE8apGAxMiRrpbmLY0,85,0.0627,0.876,244679,0.786,0.0,10,0.127,-4.884,0,0.306,153.068,4,0.575
338,Drake,Nice For What,3CA9pLiwRIGtUBiMjbZmRw,85,0.0891,0.586,210747,0.909,0.000109,8,0.119,-6.474,1,0.0705,93.394,4,0.757
339,Tyga,Taste (feat. Offset),5IaHrVsrferBYDm0bDyABy,89,0.0236,0.884,232959,0.559,0.0,0,0.101,-7.442,1,0.12,97.994,4,0.342
340,Childish Gambino,Feels Like Summer,7p4vHnYXkxlzvfePJVpcTr,76,0.162,0.554,297404,0.596,0.00482,7,0.0805,-8.214,1,0.13,165.728,4,0.255
341,Migos,Bad and Boujee (feat. Lil Uzi Vert),4Km5HrUvYTaSUfiSGPJeQR,79,0.061,0.927,343150,0.665,0.0,11,0.123,-5.313,1,0.244,127.076,4,0.175
342,Kanye West,Waves,3nAq2hCr1oWsIU54tS98pL,74,0.0363,0.386,181573,0.587,3.71e-06,10,0.332,-4.454,1,0.0519,96.072,4,0.0565
343,Desiigner,Tiimmy Turner,3NJG6vMH1ZsectZkocMEm0,74,0.174,0.602,239853,0.725,0.0,6,0.0786,-3.054,1,0.0393,122.803,4,0.304
344,Lil Tjay,Brothers,3OKjDHmSJVKOn6V4hCR8bq,78,0.695,0.677,210080,0.421,0.0,2,0.139,-10.19,0,0.14,85.332,5,0.609
345,Drake,Hotline Bling,0wwPcA6wtMf6HUMpIRdeP7,78,0.00302,0.903,267067,0.621,0.000186,2,0.0504,-8.132,1,0.0578,134.969,4,0.553
346,Kanye West,All Of The Lights,22L7bfCiAkJo5xGSQgmiIO,75,0.0796,0.541,299613,0.803,1.71e-05,1,0.176,-3.284,1,0.0738,142.135,4,0.221
347,Kanye West,Black Skinhead,722tgOgdIbNe3BEyLnejw4,77,0.000954,0.775,188013,0.823,0.0,1,0.144,-6.091,1,0.271,130.041,4,0.273
348,Wiz Khalifa,Black and Yellow,5A6OHHy73AR5tLxgTc98zz,74,0.0646,0.684,217667,0.834,0.0,2,0.271,-4.524,0,0.0675,164.02,4,0.538
349,Travis Scott,CAN'T SAY,27a1mYSG5tYg7dmEjWBcmL,81,0.201,0.702,198408,0.708,0.0,10,0.118,-5.366,0,0.0547,147.98,4,0.713
350,Kina,Get You The Moon (feat. Snøw),4ZLzoOkj0MPWrTLvooIuaa,81,0.72,0.498,179080,0.235,0.0,1,0.144,-16.541,0,0.188,118.917,4,0.0895
351,Lil Uzi Vert,New Patek,0Fpen1PTuEnCmOJtUU9Iud,81,0.0367,0.85,343099,0.785,0.0,8,0.155,-4.963,0,0.345,145.063,4,0.718
352,Jon Bellion,All Time Low,1CnPYaKxTVb4LWOtiGOm0m,75,0.0584,0.617,217603,0.567,0.0,0,0.0933,-4.188,1,0.0828,90.246,4,0.505
353,Travis Scott,through the late night,1Ci4wASMY4xtKVMeHA6Sd5,72,0.36,0.744,286236,0.589,0.0,5,0.119,-1.218,0,0.0359,127.051,4,0.242
354,Jason Derulo,Whatcha Say,7xkQdy0cy5ymoWT7nedvLz,74,0.0444,0.615,221253,0.711,0.0,11,0.145,-5.507,1,0.0779,144.036,4,0.711
355,YNW Melly,Murder On My Mind,7eBqSVxrzQZtK2mmgRG6lC,94,0.145,0.759,268434,0.73,3.06e-06,0,0.11,-7.985,0,0.0516,115.007,4,0.74
356,NAV,Champion (feat. Travis Scott),6nO3tr47nr2P7f3hXb8JIo,80,0.381,0.642,195053,0.782,0.0,5,0.108,-3.395,0,0.0477,162.005,4,0.396
357,Kanye West,Homecoming,2ovQ5MCx91XVjgVWEPfvks,65,0.337,0.667,203493,0.747,0.0,1,0.115,-7.059,1,0.189,86.917,4,0.918
358,Cardi B,Please Me,0PG9fbaaHFHfre2gUVo7AN,92,0.0642,0.747,200890,0.57,0.0,1,0.0832,-6.711,1,0.081,133.992,4,0.65
359,Drake,Too Good,3BtuIIrQlkujKPuWF2B85z,76,0.0662,0.82,263373,0.641,5.07e-05,4,0.102,-7.811,0,0.116,117.974,4,0.395
360,Post Malone,Sunflower - Spider-Man: Into the Spider-Verse,3KkXRkHbMCARz0aVfEt68P,98,0.556,0.76,158040,0.479,0.0,2,0.0703,-5.574,1,0.0466,89.911,4,0.913
361,"Tyler, The Creator",See You Again,7KA4W4McWYRpgf0fWsJZWB,78,0.371,0.558,180387,0.559,7.49e-06,6,0.109,-9.222,1,0.0959,78.558,4,0.62
362,Fetty Wap,679 (feat. Remy Boyz),5NQbUaeTEOGdD6hHcre0dZ,76,0.00256,0.618,196693,0.717,0.0,7,0.625,-5.738,1,0.318,190.05,4,0.603
363,XXXTENTACION,what are you so afraid of,57nOpVSc3j9o03Cr928ZM4,73,0.774,0.639,150769,0.312,0.469,0,0.0857,-9.902,1,0.0301,103.369,4,0.347
364,YBN Cordae,Kung Fu,3i01Zk9c0FQ5HA1WJjflXI,80,0.0227,0.876,199680,0.608,1.16e-05,8,0.107,-6.019,1,0.109,124.983,4,0.258
365,Usher,Yeah! (feat. Lil Jon & Ludacris),5rb9QrpfcKFHM1EUbSIurX,81,0.0183,0.894,250373,0.791,0.0,2,0.0388,-4.699,1,0.112,105.018,4,0.583
366,Bas,Tribe (with J. Cole),0YAQnYt2oB8OdoaeqnHyTI,78,0.241,0.755,238053,0.594,0.0,7,0.107,-5.906,1,0.216,178.929,4,0.237
367,Kanye West,Touch The Sky,2dxjKgT0li4qBI3QwuN9Ih,69,0.0158,0.597,235500,0.848,0.0,9,0.374,-4.835,1,0.355,106.302,4,0.545
368,Taio Cruz,Hangover,5pmL3RzOy3IvGFaSDi4hZL,70,0.0101,0.599,244907,0.884,0.0,3,0.0662,-3.227,1,0.0488,128.049,4,0.539
369,Mobb Deep,"Shook Ones, Pt. II",33ZXjLCpiINn8eQIDYEPTD,76,0.0146,0.763,325507,0.786,0.0114,10,0.0817,-6.472,0,0.229,93.857,4,0.504
370,Lil Uzi Vert,The Way Life Goes (feat. Oh Wonder),2eAZfqOm4EnOF9VvN50Tyc,81,0.617,0.703,221747,0.757,0.0,1,0.106,-3.612,1,0.05,82.008,4,0.696
371,Roddy Ricch,Down Below,4SWWe2OYC4mqf40Gc2RSdl,77,0.036,0.926,224002,0.454,0.000422,6,0.0896,-9.932,1,0.0732,119.969,4,0.34
372,Chris Brown,Back To Love,6msZFCM1qdeGd4ihdDy5D4,0,0.152,0.774,221719,0.821,0.00032,5,0.138,-5.027,0,0.0437,122.974,4,0.617
373,Eminem,"Lose Yourself - From ""8 Mile"" Soundtrack",1v7L65Lzy0j0vdpRjJewt1,78,0.00921,0.686,321364,0.735,0.00066,2,0.34,-4.616,1,0.264,171.355,4,0.0596
374,Young Thug,High (feat. Elton John),7iMDaY1LnASwCk2uUpMtii,73,0.223,0.759,195160,0.498,5.84e-05,10,0.406,-10.615,1,0.0776,126.972,4,0.244
375,Mario,Let Me Love You,5WphWTUIfRe7x8NZss79cY,66,0.163,0.622,249093,0.593,0.0,7,0.0979,-8.352,0,0.0916,94.364,4,0.607
376,XXXTENTACION,Sauce!,3jq1RpStaB1YGyN3rRZGca,81,0.582,0.68,144724,0.313,0.0,3,0.19,-13.672,0,0.0347,135.034,4,0.405
377,XXXTENTACION,the remedy for a broken heart (why am I so in love),4UKCKdYiLN6IMA5ZESUTL7,83,0.779,0.699,160184,0.304,0.000993,1,0.137,-11.192,1,0.0993,119.705,4,0.271
378,Juicy J,Neighbor (feat. Travis Scott),2iicKPnvOKfbJZJZtuQnjy,75,0.00908,0.921,162886,0.748,0.0,1,0.0798,-5.093,1,0.13,139.979,4,0.801
379,XXXTENTACION,Jocelyn Flores,7m9OqQk4RVRkw9JJdeAw96,89,0.469,0.872,119133,0.391,4.13e-06,0,0.297,-9.144,0,0.242,134.021,4,0.437
380,Pharrell Williams,"Happy - From ""Despicable Me 2""",5b88tNINg4Q4nrRbrCXUmg,77,0.219,0.647,232720,0.822,0.0,5,0.0908,-4.662,0,0.183,160.019,4,0.962
381,Cardi B,Ring (feat. Kehlani),5DfWF0jqMgZDCiu9zJENTA,77,0.049,0.767,177140,0.543,0.0,1,0.115,-7.881,0,0.103,106.029,4,0.485
382,Coolio,Gangsta's Paradise,7lQWRAjyhTpCWFC0jmclT4,81,0.0655,0.647,240693,0.514,0.0,8,0.398,-10.05,1,0.0593,79.974,4,0.387
383,Cardi B,Bodak Yellow,6KBYefIoo7KydImq1uUQlL,81,0.0659,0.926,223713,0.703,0.0,11,0.231,-6.337,0,0.103,125.022,4,0.485
384,Lil Peep,Runaway,1FBi1YWCAxlRmfuUbMINqO,74,0.44,0.399,192760,0.591,0.0616,6,0.446,-8.792,0,0.052,79.892,3,0.175
385,Kodak Black,Roll In Peace (feat. XXXTENTACION),40oKW22ZNNkEdZLJTScaQI,81,0.0306,0.747,213132,0.524,0.0,10,0.2,-6.807,0,0.245,140.053,4,0.363
386,Drake,Controlla,3O8NlPh2LByMU9lSRSHedm,76,0.0873,0.545,245227,0.478,0.0,10,0.114,-11.066,0,0.287,92.326,4,0.317
387,A$AP Ferg,Plain Jane,4dVpf9jZjcORqGTLUaeYj9,81,0.0651,0.797,173600,0.844,0.0,11,0.087,-5.482,1,0.275,170.142,4,0.52
388,Travis Scott,STARGAZING,7wBJfHzpfI3032CSD7CE2m,83,0.00947,0.487,270715,0.789,4.05e-06,8,0.189,-3.69,1,0.044,150.007,4,0.0564
389,Juice WRLD,Black & White,1fCeXjoRExPP2qwSBh2aST,81,0.0802,0.776,186945,0.736,0.0,7,0.159,-4.612,1,0.247,147.946,4,0.233
390,Kid Ink,Show Me (feat. Chris Brown),4q6dqyGM25sKFU8nYAGRe4,72,0.0354,0.711,217800,0.508,0.0,7,0.141,-7.299,1,0.0494,98.098,4,0.665
391,Ski Mask The Slump God,Foot Fungus,3EikYy40GMSp8l5mDV6IQo,80,0.257,0.881,129547,0.623,1.5e-06,1,0.0964,-9.662,1,0.119,88.953,4,0.745
392,Post Malone,rockstar (feat. 21 Savage),0e7ipj03S05BNilyu5bRzt,91,0.117,0.587,218147,0.535,6.56e-05,5,0.131,-6.09,0,0.0898,159.847,4,0.14
393,G-Eazy,"West Coast (feat. Blueface, ALLBLACK & YG)",4EnEGf9JzAJhF1XNY9DJcD,77,0.0738,0.882,256967,0.775,0.0,10,0.701,-4.986,1,0.334,98.023,4,0.805
394,Rich The Kid,Splashin,3KLo7ByvjCNyBrfz5DZ2mO,83,0.00322,0.94,177864,0.384,0.0,10,0.0908,-8.158,1,0.574,100.022,4,0.37
395,Kanye West,Gold Digger,1PS1QMdUqOal0ai3Gt7sDQ,80,0.0223,0.638,207627,0.699,0.0,1,0.0917,-5.54,0,0.384,92.939,4,0.66
396,Aminé,REEL IT IN,5qHirGR7M9tdm6C17DlzSY,82,0.073,0.754,121347,0.342,0.0,10,0.193,-8.677,0,0.0991,128.981,4,0.423
397,Lil Pump,Gucci Gang,43ZyHQITOjhciSUUNPVRHc,78,0.239,0.936,124056,0.523,0.0,5,0.117,-6.71,1,0.0597,119.889,4,0.699
398,Post Malone,Big Lie,02opp1cycqiFNDpLd2o1J3,74,0.191,0.442,207680,0.684,0.0,6,0.0725,-4.888,0,0.168,170.862,4,0.218
399,Logic,1-800-273-8255,5tz69p7tJuGPeMGwNTxYuV,84,0.57,0.62,250173,0.574,0.0,5,0.19,-7.788,0,0.0479,100.021,4,0.352
400,Frank Ocean,Thinkin Bout You,5mphdlILgAq3vh1MSvAJTS,73,0.384,0.716,200747,0.349,0.00222,0,0.098,-11.203,1,0.0498,129.795,4,0.203
401,2Pac,Ambitionz Az A Ridah,3ssX20QT5c3nA9wk78V1LQ,79,0.00253,0.801,278387,0.908,0.000655,2,0.0698,-6.554,1,0.221,87.279,4,0.805
402,Post Malone,I Fall Apart,75ZvA4QfFiZvzhj2xkaWAh,87,0.0689,0.556,223347,0.538,0.0,8,0.196,-5.408,0,0.0382,143.95,4,0.291
403,Taio Cruz,Dynamite,2CEgGE6aESpnmtfiZwYlbV,77,0.00379,0.751,202613,0.783,0.0,4,0.036,-3.724,1,0.0859,119.975,4,0.816
404,Mac Miller,My Favorite Part,66wkCYWlXzSTQAfnsPBptt,75,0.627,0.861,216000,0.33,1.93e-06,6,0.14,-7.194,1,0.0526,95.016,4,0.718
405,Trippie Redd,Shake It Up,6yz0Jndhv0QjKdpcEMbOjz,78,0.128,0.776,116681,0.608,0.0,10,0.0932,-6.478,0,0.104,156.025,4,0.402
406,Travis Scott,YOSEMITE,7lAK3oHbfEnvUQWosrMMpR,85,0.283,0.785,150043,0.554,3.4e-06,0,0.116,-6.571,1,0.0409,128.047,4,0.144
407,Travis Scott,STOP TRYING TO BE GOD,1xYpVRspgaLxdJLOTQkTjg,75,0.221,0.588,338438,0.567,0.0,4,0.135,-3.738,0,0.0628,150.009,4,0.113
408,Juice WRLD,Hear Me Calling,13ZyrkCDmRz5xY3seuAWYk,86,0.308,0.699,189977,0.687,3.63e-05,7,0.121,-3.997,0,0.106,88.932,4,0.499
409,50 Cent,In Da Club,7iL6o9tox1zgHpKUfh9vuC,77,0.255,0.899,193467,0.713,0.0,6,0.0708,-2.752,0,0.366,90.051,4,0.777
410,Drake,Take Care,124NFj84ppZ5pAxTuVQYCQ,74,0.0267,0.629,277387,0.515,1.22e-05,0,0.0888,-10.358,0,0.265,121.845,4,0.299
411,Lil Baby,Close Friends (Lil Baby & Gunna),5nzhL67GpF9szXWg5y509A,82,0.044,0.665,203881,0.585,0.0,10,0.0789,-5.077,0,0.366,158.953,4,0.658
412,XXXTENTACION,BAD!,4CH66Rxcjcj3VBHwmIBj4T,81,0.0643,0.78,94246,0.492,0.0313,5,0.174,-3.4,0,0.0671,143.983,4,0.374
413,Kendrick Lamar,Money Trees,0UtnpKaReKUg2GquaSxCyD,70,0.0703,0.716,386907,0.531,0.0,7,0.224,-7.355,1,0.122,71.994,4,0.344
414,J. Cole,KOD,7yotKA30dwTKNEGomV9ZsI,80,0.21,0.831,191437,0.782,0.0,0,0.113,-6.274,1,0.15,141.869,4,0.199
415,"Tyler, The Creator",911 / Mr. Lonely,4bEcoz1OcfMgUbp2ft8ieQ,74,0.0456,0.48,255653,0.61,0.0,0,0.313,-7.042,1,0.305,90.034,4,0.297
416,Calboy,Envy Me,05t7JMip6JrLuSrMV5yYjX,88,0.282,0.556,120137,0.481,0.0,11,0.216,-7.663,1,0.313,149.025,4,0.581
417,Cardi B,I Like It,58q2HKrzhC3ozto2nDdN4z,89,0.099,0.816,253390,0.726,0.0,5,0.372,-3.998,0,0.129,136.048,4,0.65
418,Mac Miller,Dang! (feat. Anderson .Paak),5iUQMwxUPdJBFeGkePtM66,75,0.00826,0.836,305350,0.67,0.000355,5,0.0837,-6.907,0,0.23,107.018,4,0.556
419,Lil Peep,Life is Beautiful,5rYpwP1dHWGVMrSZbTmt3e,76,0.0385,0.533,207587,0.638,0.000932,10,0.0758,-9.411,1,0.0636,135.056,4,0.324
420,G-Eazy,"Me, Myself & I",40YcuQysJ0KlGQTeGUosTC,79,0.0186,0.757,251467,0.672,0.0,0,0.158,-6.524,0,0.0955,111.996,4,0.382
421,Kendrick Lamar,All The Stars (with SZA),3GCdLUSnKSMJhs4Tj6CV3s,83,0.0605,0.698,232187,0.633,0.000194,8,0.0926,-4.946,1,0.0597,96.924,4,0.552
422,Ski Mask The Slump God,Nuketown (feat. Juice WRLD),74lnM5V6ecvoTPV0fvptx9,84,0.113,0.808,166400,0.617,0.0,10,0.734,-9.32,0,0.442,149.962,4,0.632
423,Fort Minor,Remember The Name (feat. Styles Of Beyond),6ndmKwWqMozN2tcZqzCX4K,77,0.0583,0.688,230493,0.835,2.87e-06,8,0.0795,-4.162,1,0.0911,84.858,4,0.88
424,J. Cole,Kevin’s Heart,6tZ3b7ik1QDXFAZlXib0YZ,79,0.482,0.829,200310,0.527,0.0,6,0.631,-6.644,0,0.367,116.078,4,0.473
425,Post Malone,No Option,6M0IsaUX4GNyto4niSegfI,77,0.0757,0.575,179827,0.734,0.0,2,0.241,-4.949,1,0.057,83.986,4,0.494
426,6ix9ine,BEBE (feat. Anuel Aa),4KkUjFkcQvGvWekl8RATDn,86,0.172,0.635,217822,0.902,0.0,0,0.125,-3.559,1,0.109,102.063,4,0.286
427,Macklemore,Glorious (feat. Skylar Grey),0CokSRCu5hZgPxcZBaEzVE,80,0.0323,0.731,220454,0.794,2.59e-05,0,0.112,-5.126,0,0.0522,139.994,4,0.356
428,Lil Baby,Yes Indeed,6vN77lE9LK6HP2DewaN6HZ,85,0.035,0.964,142273,0.346,0.0,5,0.108,-9.309,0,0.53,119.958,4,0.562
429,The Weeknd,I Feel It Coming,3dhjNA0jGA8vHBQ1VdD6vV,81,0.426,0.773,269187,0.819,0.0,0,0.0679,-5.946,0,0.118,92.99,4,0.585
430,Juice WRLD,Who Shot Cupid?,06LFFPPS7MylCZXps3cO4m,78,0.0558,0.758,214246,0.932,0.0,3,0.097,-2.809,1,0.0372,125.993,4,0.592
431,Famous Dex,PICK IT UP (feat. A$AP Rocky),3ncgNpxLoBQ65ABk4djDyd,79,0.0149,0.921,191252,0.467,0.000238,1,0.334,-8.443,1,0.119,135.995,4,0.287
432,Miguel,Adorn,5hJFhO9dvhJoDvUZZ9iWSw,62,0.0543,0.625,193147,0.576,4.07e-05,11,0.187,-5.693,0,0.175,179.063,4,0.235
433,Rae Sremmurd,No Type,4scpF6J5uMBvoh6sFB7EL1,76,0.013,0.888,200080,0.483,4.85e-06,6,0.0926,-7.797,1,0.154,125.008,4,0.226
434,Roddy Ricch,Every Season,1ttPzkTSpQUFcEGx8bjerL,75,0.0632,0.936,214376,0.704,0.0,5,0.104,-5.47,0,0.457,130.022,4,0.566
435,"Tyler, The Creator",Boredom,5WNYg3usc6H8N3MBEp4zVk,74,0.79,0.559,320720,0.578,0.000522,8,0.324,-9.54,1,0.151,79.938,4,0.239
436,Eminem,River (feat. Ed Sheeran),1cS0TgbR263ey9jn0MwD2s,82,0.142,0.748,221013,0.749,0.0,8,0.0713,-5.916,0,0.516,90.09,4,0.659
437,Frank Ocean,Pink + White,3xKsf9qdS1CyvXSMEid6g8,77,0.67,0.544,184516,0.552,4.57e-05,9,0.415,-7.45,1,0.0991,159.738,3,0.554
438,Luniz,I Got 5 On It,4IYKjN1DrYzxKXt0umJqsG,78,0.209,0.6,253533,0.706,0.0,10,0.125,-7.899,0,0.361,173.926,4,0.58
439,Blueface,Thotiana,3oh6SCCeLuXhFpEyepla6G,91,0.18,0.906,129264,0.382,0.0,10,0.113,-12.89,0,0.269,104.025,4,0.391
440,A Boogie Wit da Hoodie,Come Closer (feat. Queen Naija),3UhRsQVrELOATEiY7E9X2T,77,0.22,0.741,156512,0.556,0.0,7,0.0981,-6.647,0,0.0947,140.056,4,0.616
441,Kendrick Lamar,m.A.A.d city,3qX1dqmDdmMvvfMVfsx4Bh,71,0.0538,0.487,350120,0.729,4.07e-06,2,0.44,-6.815,1,0.271,91.048,4,0.217
442,Kanye West,Famous,19a3JfW8BQwqHWUMbcqSx8,75,0.0602,0.474,196040,0.741,0.0,6,0.115,-3.69,1,0.111,174.1,4,0.402
443,Madcon,Don't Worry (with Ray Dalton) - Radio Edit,63CSozvYUEudPp12679UVF,65,0.0726,0.811,214789,0.699,1.38e-06,7,0.148,-5.211,1,0.114,122.987,4,0.733
444,Dr. Dre,Forgot About Dre,0D8Npw3PzW1srmITkELL3s,74,0.0976,0.939,222333,0.73,0.0,8,0.172,-2.168,1,0.0681,133.946,4,0.62
445,OneRepublic,Counting Stars,2tpWsVSb9UEmDRxAl1zhX1,80,0.0654,0.664,257267,0.705,0.0,1,0.118,-4.972,0,0.0382,122.016,4,0.477
446,Iyaz,Replay,4E5P1XyAFtrjpiIxkydly4,76,0.173,0.706,182307,0.751,0.0,9,0.168,-6.323,1,0.0708,91.031,4,0.195
447,XXXTENTACION,Revenge,5TXDeTFVRVY7Cvt0Dw4vWW,79,0.782,0.746,120027,0.251,0.00203,11,0.106,-16.169,0,0.259,139.999,4,0.18
448,Post Malone,Candy Paint,32lItqlMi4LBhb4k0BaSaC,84,0.627,0.67,227533,0.654,1.02e-06,4,0.071,-5.944,1,0.153,180.024,4,0.438
449,Juice WRLD,Lean Wit Me,3oDkdAySo1VQQG0ptV7uwa,84,0.0414,0.665,175755,0.651,0.0,1,0.0896,-5.515,1,0.156,163.935,4,0.237
450,Nelly,Hot In Herre,04KTF78FFg8sOHC1BADqbY,73,0.218,0.965,228227,0.736,0.0,9,0.0595,-5.005,0,0.144,107.07,4,0.921
451,Fetty Wap,Trap Queen,5iNRPN7oYQvdB9AmeSW6d3,69,0.0244,0.746,222093,0.873,0.0,7,0.354,-3.803,1,0.128,148.075,4,0.817
452,JAY Z,Numb / Encore,5sNESr6pQfIhL3krM8CtZn,76,0.0603,0.687,205733,0.793,0.0,2,0.582,-4.254,1,0.166,107.045,4,0.751
453,Drake,Signs,6Na5uKk5SsqZimk0hAWo8y,73,0.0853,0.79,234373,0.734,0.00409,0,0.112,-4.66,1,0.0524,107.369,4,0.223
454,Eminem,Love The Way You Lie,15JINEqzVMv3SvJTAXAKED,81,0.241,0.749,263373,0.925,0.0,10,0.52,-5.034,1,0.227,86.989,4,0.641
455,KYLE,iSpy (feat. Lil Yachty),2EEeOnHehOozLq4aS0n6SL,78,0.378,0.746,253107,0.653,0.0,7,0.229,-6.745,1,0.289,75.016,4,0.672
456,SZA,Love Galore (feat. Travis Scott),0q75NwOoFiARAVp4EXU4Bs,79,0.111,0.795,275080,0.594,0.0,0,0.162,-6.2,1,0.0747,135.002,4,0.409
457,A$AP Rocky,L$D,4S7YHmlWwfwArgd8LfSPud,76,0.193,0.598,238307,0.252,0.138,2,0.0992,-15.086,1,0.0647,120.06,4,0.0352
458,Rae Sremmurd,Powerglide (feat. Juicy J) - From SR3MM,1BuZAIO8WZpavWVbbq3Lci,80,0.0168,0.713,332301,0.831,0.0,1,0.118,-4.75,0,0.15,173.948,4,0.584
459,6ix9ine,TIC TOC (feat. Lil Baby),4m5Cd9kAbIxg6t9sMrQWtk,78,0.0115,0.82,135739,0.691,0.0,6,0.344,-6.646,0,0.0723,142.027,4,0.683
460,G-Eazy,Him & I (with Halsey),5k38wzpLb15YgncyWdTZE4,82,0.0534,0.589,268867,0.731,0.0,2,0.308,-6.343,1,0.0868,87.908,4,0.191
461,Macklemore & Ryan Lewis,Can't Hold Us - feat. Ray Dalton,3bidbhpOYeV4knp8AIu8Xn,82,0.0291,0.641,258343,0.922,0.0,2,0.0862,-4.457,1,0.0786,146.078,4,0.847
462,Joyner Lucas,I Love,30z4LVkScpeNhwHFIB8Ewa,77,0.274,0.671,210197,0.565,6.51e-05,11,0.37,-7.401,0,0.16,150.014,4,0.561
463,Eminem,Fall,58QhkbaAkLFnn7JwAnAato,78,0.227,0.83,262494,0.546,0.0,1,0.112,-5.716,1,0.295,182.973,4,0.535
464,XXXTENTACION,Arms Around You (feat. Maluma & Swae Lee),2LskIZrCeLxRvCiGP8gxlh,88,0.0302,0.703,198903,0.723,2.06e-06,9,0.126,-5.45,0,0.0412,104.969,4,0.288
465,Chris Brown,Ayo,0k6DnZMLoEUH8NGD5zh2SE,75,0.0399,0.823,225227,0.563,0.0,6,0.0851,-5.095,1,0.0443,98.031,4,0.682
466,French Montana,Unforgettable,3B54sVLJ402zGa6Xm4YGNe,85,0.0293,0.726,233902,0.769,0.0101,6,0.104,-5.043,1,0.123,97.985,4,0.733
467,Kodak Black,Calling My Spirit,2MShy1GSSgbmGUxADNIao5,84,0.0996,0.91,152000,0.366,0.0,1,0.261,-9.954,1,0.0941,119.985,4,0.74
468,Post Malone,Spoil My Night (feat. Swae Lee),5VuxWXbt7XENQCtE9TzpTv,79,0.337,0.669,194560,0.675,1.5e-05,1,0.109,-2.869,1,0.0337,160.911,4,0.262
469,SZA,The Weekend - Funk Wav Remix,0P6AWOA4LG1XOctzaVu5tt,76,0.495,0.775,171806,0.573,0.0,11,0.126,-4.933,1,0.0585,101.925,4,0.667
470,Drake,Don’t Matter To Me (with Michael Jackson),6G8kHiVZ1jW7vHMPVRNZU0,81,0.493,0.826,245787,0.318,0.0131,10,0.11,-12.391,1,0.0574,103.002,4,0.138
471,Kanye West,FML,30Zcjs7pgEkmJA1lEbGSWT,70,0.313,0.667,236120,0.423,0.0,9,0.193,-7.146,0,0.0822,125.116,4,0.156
472,A$AP Rocky,"F**kin' Problems (feat. Drake, 2 Chainz & Kendrick Lamar)",4X5f3vT8MRuXF68pfjNte5,78,0.024,0.852,233787,0.693,0.0,1,0.11,-6.87,1,0.274,95.967,4,0.66
473,Taio Cruz,Break Your Heart,7ElF5zxOwYP4qVSWVvse3W,71,0.0327,0.607,201547,0.934,0.0,3,0.0909,-4.217,1,0.0314,122.01,4,0.568
474,Drake,Mob Ties,7rC5Pl8rQSX4myONQHYPBK,79,0.0456,0.755,205147,0.575,0.00124,4,0.276,-8.393,0,0.0678,85.987,4,0.49
475,Post Malone,Paranoid,3fpVWegR6YOS1Yk5HSMYIq,80,0.0379,0.61,221787,0.554,3.84e-05,0,0.166,-5.501,1,0.137,159.85,4,0.244
476,BROCKHAMPTON,BLEACH,0dWOFwdXrbBUYqD9DLsoyK,74,0.462,0.595,273151,0.657,0.000597,1,0.437,-6.498,0,0.183,156.093,4,0.718
477,A Boogie Wit da Hoodie,Just Like Me (feat. Young Thug),0uH6JssU7mWkTT9mqeqEvL,76,0.156,0.774,220888,0.623,0.0,5,0.0955,-7.871,1,0.245,128.661,5,0.393
